Team,Opp.,W/L
Auburn,Duke,L
Villanova,Temple,W
Michigan St.,Minnesota,W
Oklahoma St.,Seton Hall,W
Duke,Auburn,W
Auburn,Ohio St.,W
Auburn,Memphis,W
Mississippi,Colorado St.,W
Florida,Virginia,W
Northern Iowa,Montana,W
North Dakota St.,Utah Valley,W
Gonzaga,Baylor,W
Vanderbilt,The Citadel,W
Seattle,UC San Diego,W
Memphis,Connecticut,W
Indiana,Providence,W
Alabama,Illinois,W
Northern Iowa,Northern Illinois,W
Kentucky,Lipscomb,W
Notre Dame,Georgetown,W
Tennessee,Baylor,W
TCU,Florida A&M,W
Tennessee,Austin Peay,W
Georgia,Jacksonville,W
Dayton,Iowa St.,L
Mississippi St.,Pittsburgh,W
Illinois,Arkansas,W
Providence,BYU,W
Auburn,Houston,W
Yale,Fairfield,W
Purdue,Mississippi,W
Purdue Fort Wayne,Penn St.,L
St. John's,Virginia,W
Connecticut,Texas,W
Baylor,Tarleton St.,W
South Dakota,Idaho St.,W
Oregon St.,UC Davis,W
Villanova,Maryland,L
Iowa St.,Colorado,W
Missouri,Mississippi Valley S,W
Miami FL,Presbyterian,W
Wisconsin,Arizona,W
Utah St.,Charlotte,W
San Francisco,Fordham,W
Stanford,California,W
Saint Louis,UMass Lowell,W
Xavier,Morgan St.,W
Connecticut,Memphis,L
Radford,Evansville,W
Prairie View A&M,Mississippi St.,L
Charlotte,Presbyterian,W
Iowa,New Orleans,W
Louisiana Tech,UT Arlington,W
Middle Tennessee,South Florida,W
William & Mary,Richmond,W
Canisius,St. Bonaventure,L
Nevada,Texas Southern,W
Cornell,Army,W
Mississippi,Louisville,W
Delaware,Yale,W
Kentucky,Louisville,W
Connecticut,Xavier,W
Kansas,Duke,W
Nevada,Santa Clara,W
Nevada,Oklahoma St.,W
Penn St.,Binghamton,W
Santa Clara,Bradley,W
Villanova,NJIT,W
Purdue Fort Wayne,Eastern Michigan,W
Purdue,Alabama,W
North Dakota St.,Western Michigan,W
Alabama,UNC Asheville,W
San Diego St.,Houston,W
Texas A&M,Lamar,W
Southern Utah,Idaho,W
Oklahoma,Arizona,W
Texas Tech,Bethune Cookman,W
Oklahoma,Michigan,W
Marquette,Wisconsin,W
Purdue Fort Wayne,Drexel,W
Elon,Notre Dame,W
Miami FL,Fairleigh Dickinson,W
North Florida,Georgia Tech,W
Akron,Nebraska Omaha,W
USC,Washington,W
Xavier,Connecticut,L
UCLA,Idaho St.,W
Gonzaga,Kentucky,L
Alabama,Houston,W
Cal Baptist,San Diego St.,L
Dayton,Connecticut,W
Merrimack,Niagara,W
Columbia,Villanova,W
Mount St. Mary's,Fairfield,W
Saint Mary's,Nebraska,W
Maryland,Saint Francis,W
Texas,Arkansas Pine Bluff,W
Iowa St.,Dayton,W
Auburn,Vermont,W
Kentucky,Gonzaga,W
Houston,Jackson St.,W
Rutgers,Monmouth,W
North Dakota St.,Samford,L
Baylor,Sam Houston St.,W
Stanford,Northern Arizona,W
Texas Tech,Wyoming,W
Utah,Alcorn St.,W
Syracuse,Albany,W
Winthrop,Coastal Carolina,W
St. Thomas,Northern Colorado,W
Villanova,Seton Hall,W
South Carolina,Clemson,W
UTEP,Seattle,W
Samford,South Carolina St.,W
Charlotte,Davidson,L
Eastern Kentucky,East Tennessee St.,W
Tennessee,Syracuse,W
Chattanooga,Saint Mary's,L
Michigan,Oklahoma,L
California,Missouri,L
Florida,Florida St.,W
Texas,New Mexico St.,W
Iowa,Iowa St.,L
Samford,North Dakota St.,W
Iowa St.,Auburn,L
Ohio St.,Campbell,W
Liberty,Louisiana,W
Montana St.,Abilene Christian,W
North Dakota,Alabama,L
Florida Atlantic,Charleston,L
Mississippi,Purdue,L
Iowa,Northwestern,W
Florida,Southern Illinois,W
Murray St.,Middle Tennessee,W
Ohio St.,Pittsburgh,L
Sam Houston St.,Lamar,W
Baylor,New Orleans,W
St. Bonaventure,Providence,W
High Point,American,W
UNC Wilmington,Appalachian St.,W
Purdue,Maryland,W
Wisconsin,Marquette,L
George Mason,Coppin St.,W
Villanova,Cincinnati,W
Auburn,Kent St.,W
Marquette,Maryland,W
Penn St.,Purdue Fort Wayne,W
Evansville,Radford,L
Missouri,Pacific,W
UT Rio Grande Valley,Wisconsin,L
Baylor,Connecticut,L
Kentucky,Wright St.,W
San Francisco,Boise St.,W
Temple,Monmouth,W
Santa Clara,UC Riverside,W
Washington St.,Bradley,W
Coastal Carolina,Winthrop,L
DePaul,Duquesne,W
Gonzaga,San Diego St.,W
Michigan St.,North Carolina,W
Pittsburgh,West Virginia,W
N.C. State,Florida St.,W
Northern Iowa,Illinois Chicago,W
Baylor,Abilene Christian,W
Connecticut,Baylor,W
Gonzaga,Indiana,W
Idaho St.,UCLA,L
Pittsburgh,Ohio St.,W
Davidson,Charlotte,W
Memphis,Clemson,W
Auburn,North Alabama,W
Kansas,North Carolina,W
North Dakota St.,Butler,W
Arizona St.,Gonzaga,L
Akron,Northern Kentucky,W
Stonehill,Quinnipiac,W
Michigan,Cleveland St.,W
Georgia St.,North Carolina Centr,W
North Dakota St.,Cal St. Bakersfield,L
Marquette,Stony Brook,W
Iowa,USC Upstate,W
Auburn,Iowa St.,W
Fairfield,Mount St. Mary's,L
Alabama St.,Tennessee Martin,W
IU Indy,Xavier,L
Illinois St.,Saint Louis,W
Michigan St.,Nebraska,W
Purdue,Yale,W
Jacksonville St.,Missouri,L
North Carolina,Kansas,L
Gonzaga,Arizona St.,W
Iowa St.,Iowa,W
North Dakota St.,Weber St.,W
Weber St.,UC Irvine,L
Indiana St.,Tarleton St.,W
Eastern Washington,Seattle,W
Houston,Hofstra,W
St. John's,New Mexico,W
Purdue Fort Wayne,Southern Indiana,W
Toledo,Youngstown St.,L
Boise St.,Utah Tech,W
Kansas St.,Arkansas Pine Bluff,W
Wisconsin,Butler,W
Cal Poly,Stanford,W
Florida,Wichita St.,W
Dayton,Lehigh,W
Illinois St.,Ohio,W
SMU,Tarleton St.,W
Manhattan,Wagner,W
Alabama,Purdue,L
Dayton,North Carolina,L
Illinois Chicago,La Salle,W
Nebraska Omaha,Akron,L
Boise St.,Oakland,W
Arizona,Southern Utah,W
Louisville,Kentucky,L
Kansas,N.C. State,W
UC San Diego,Pepperdine,W
Butler,Mississippi St.,W
Connecticut,Colorado,L
St. John's,DePaul,W
Eastern Washington,Utah,L
Florida Atlantic,UCF,L
Illinois,Little Rock,W
North Carolina,Hawaii,W
Mississippi St.,Central Michigan,W
BYU,Queens,W
North Florida,UNC Greensboro,W
Utah St.,Alcorn St.,W
Houston,Butler,W
Butler,Marquette,L
Louisville,Indiana,W
Washington St.,Missouri St.,W
Houston,Auburn,L
Miami FL,Coppin St.,W
Wichita St.,East Tennessee St.,W
Seattle,Portland St.,W
William & Mary,Georgia Southern,W
Connecticut,Le Moyne,W
UAB,Louisiana,W
Navy,Virginia Tech,L
Texas A&M Corpus Chr,Prairie View A&M,W
Indiana,South Carolina,W
Bradley,Southern Illinois,W
Vanderbilt,Jackson St.,W
Cal Baptist,LIU,W
Iowa St.,Marquette,W
Purdue,N.C. State,W
Arizona,Samford,W
Auburn,Richmond,W
Saint Joseph's,Penn,W
St. Bonaventure,Canisius,W
Charleston,Florida Atlantic,W
Vanderbilt,Seton Hall,W
Drake,Miami FL,W
Mississippi St.,Georgia St.,W
San Diego St.,Cal Baptist,W
Duke,Maine,W
Cal St. Bakersfield,North Dakota St.,W
Iowa,Southern,W
Toledo,Stetson,W
Oregon,Texas A&M,W
UT Arlington,USC,L
Arizona,Davidson,W
Army,Marist,L
East Tennessee St.,Elon,W
Oregon,San Diego St.,W
Troy,West Georgia,W
Western Michigan,Dayton,L
Marquette,Butler,W
Saint Mary's,Chattanooga,W
Connecticut,Gonzaga,W
East Carolina,South Carolina,L
Iowa St.,Jackson St.,W
Ohio St.,Texas,W
Marquette,Stonehill,W
Grand Canyon,Norfolk St.,W
UNLV,Pepperdine,W
Nevada,South Dakota St.,W
SMU,Alabama St.,W
Davidson,Providence,W
Northern Iowa,Milwaukee,W
Illinois,SIU Edwardsville,W
Idaho,UC Riverside,W
Duke,Army,W
Marquette,Georgia,W
UCLA,Prairie View A&M,W
Duke,Wofford,W
South Dakota St.,Boise St.,L
Texas,Chicago St.,W
Missouri,Jacksonville St.,W
West Virginia,Arizona,W
Belmont,Tulane,W
Idaho,UMKC,W
Missouri,LIU,W
Wisconsin,Pittsburgh,W
Syracuse,Tennessee,L
Nebraska,Indiana,W
Oregon,Oregon St.,W
UC San Diego,UC Santa Barbara,W
Arkansas,Michigan,W
Kansas,Furman,W
Green Bay,Western Illinois,W
North Carolina Centr,Georgia St.,L
Brown,Sacred Heart,W
Creighton,UNLV,W
Wisconsin,Illinois,L
West Virginia,Robert Morris,W
UT Rio Grande Valley,Creighton,L
Auburn,North Carolina,W
Florida,North Carolina,W
Wofford,Gardner Webb,W
Holy Cross,Sacred Heart,W
Oregon St.,Oregon,L
Queens,Gardner Webb,W
Texas A&M,Texas A&M Commerce,W
UMass Lowell,Saint Louis,L
Alabama,Rutgers,W
Wright St.,Bradley,L
Georgia Tech,Central Arkansas,W
Utah,Mississippi Valley S,W
Nevada,Sam Houston St.,W
Samford,Texas Southern,W
Florida Atlantic,Texas St.,W
Bradley,Middle Tennessee,W
James Madison,Illinois Chicago,W
Wichita St.,Montana St.,W
North Florida,Georgia,L
South Dakota,Western Illinois,W
Cal St. Bakersfield,Portland,W
High Point,Hampton,W
San Jose St.,Long Beach St.,W
Mercer,West Georgia,W
Florida Gulf Coast,Florida Atlantic,W
Maryland,Ohio St.,W
Tennessee Tech,Presbyterian,W
Richmond,William & Mary,L
DePaul,Wichita St.,W
Cincinnati,Morehead St.,W
Presbyterian,Charlotte,L
Michigan,Arkansas,L
North Texas,Evansville,W
UNLV,Alabama St.,W
Baylor,Arkansas,W
LSU,Florida St.,W
Portland St.,Washington St.,L
Kentucky,Georgia St.,W
LSU,Stetson,W
James Madison,Utah Valley,W
Nevada,Weber St.,W
Rutgers,Alabama,L
American,High Point,L
Mississippi St.,SMU,W
Kansas,Oakland,W
Tennessee,Louisville,W
Kentucky,Bucknell,W
Boise St.,Clemson,W
Clemson,South Carolina,L
South Carolina,East Carolina,W
New Mexico,USC,W
Colorado,South Dakota St.,W
Oregon,UC Riverside,W
USC Upstate,Wake Forest,L
Gonzaga,Davidson,W
South Florida,Florida,L
Indiana,Minnesota,W
Texas A&M,Ohio St.,W
Bradley,Texas St.,W
Colorado,Connecticut,W
Cincinnati,Nicholls St.,W
Villanova,Penn,W
Cornell,Colgate,W
Memphis,Michigan St.,W
South Florida,Middle Tennessee,L
UCF,Tulsa,W
Yale,Purdue,L
Chattanooga,Alabama A&M,W
Montana St.,Northwestern,L
Baylor,Norfolk St.,W
Eastern Washington,North Dakota,W
Saint Joseph's,Texas Tech,W
UTEP,UC Santa Barbara,W
Georgetown,Creighton,W
Maryland,Purdue,L
Northern Colorado,Prairie View A&M,W
Texas St.,Princeton,W
Lipscomb,Wofford,W
Belmont,Lipscomb,W
Brown,Canisius,W
UNC Wilmington,Florida Gulf Coast,W
St. Thomas,Portland St.,W
UAB,Southern Miss,W
Toledo,Marshall,W
Memphis,Auburn,L
Xavier,IU Indy,W
Pittsburgh,Radford,W
Jacksonville St.,East Carolina,W
UMBC,Howard,W
Nebraska,Saint Mary's,L
DePaul,Northern Illinois,W
Virginia,Florida,L
McNeese St.,Illinois St.,W
Northwestern,Lehigh,W
North Carolina,American,W
Arizona St.,New Mexico,W
Long Beach St.,San Diego,W
North Dakota,Eastern Washington,L
Akron,Alabama St.,W
Alabama,North Carolina,W
Belmont,Richmond,W
Minnesota,Bethune Cookman,W
Boise St.,South Dakota St.,W
Houston,San Diego St.,L
California,Northwestern St.,W
James Madison,Ohio,W
Princeton,Texas St.,L
Cal Baptist,SMU,L
Villanova,Fairleigh Dickinson,W
Missouri St.,Washington St.,L
New Mexico St.,New Mexico,W
Rider,Navy,W
UCF,Florida Atlantic,W
Illinois,Eastern Illinois,W
Mississippi St.,UNLV,W
Montana St.,UC Riverside,L
Penn St.,Purdue,W
Texas St.,Rice,W
Wisconsin,Appalachian St.,W
Mississippi,BYU,W
Missouri,California,W
North Carolina,Michigan St.,L
BYU,N.C. State,W
Auburn,Georgia St.,W
Jacksonville St.,Coastal Carolina,W
Arkansas,Maryland Eastern Sho,W
Oklahoma St.,Miami FL,W
Georgia,North Florida,W
Ohio St.,Rutgers,W
Creighton,UT Rio Grande Valley,W
DePaul,Valparaiso,W
Vanderbilt,Virginia Tech,W
BYU,Fresno St.,W
Louisiana,UAB,L
UC Santa Barbara,Mississippi Valley S,W
East Carolina,North Carolina A&T,W
Providence,St. Bonaventure,L
Denver,Sacramento St.,W
Ball St.,Bellarmine,W
Cincinnati,Georgia Tech,W
Drake,Kansas St.,W
Hofstra,Norfolk St.,W
Milwaukee,Duquesne,W
Kennesaw St.,Presbyterian,W
Vanderbilt,TCU,W
Maryland,Bucknell,W
Minnesota,Michigan St.,L
Texas Tech,Northern Colorado,W
Gonzaga,UMass Lowell,W
USC,Cal St. Northridge,W
Kentucky,Jackson St.,W
SMU,Washington St.,W
Chattanooga,Bryant,W
Butler,Northwestern,W
Rhode Island,Charleston,W
Louisville,Duke,L
Michigan,Iowa,W
Gonzaga,Nicholls St.,W
Texas Tech,Northwestern St.,W
UNC Asheville,North Florida,W
Abilene Christian,Southern Miss,W
Alabama,Creighton,W
Pittsburgh,Eastern Kentucky,W
Montana,Northern Iowa,L
Creighton,Notre Dame,W
Utah St.,Montana,W
Ohio,Robert Morris,W
Miami FL,Drake,L
Florida,Jacksonville,W
Massachusetts,New Hampshire,W
USC,San Jose St.,W
UCLA,Oregon,W
Howard,UNC Wilmington,W
Boise St.,San Francisco,L
Bradley,Wright St.,W
Cal St. Northridge,Cal Poly,W
Notre Dame,Elon,L
Hofstra,Iona,W
Michigan,Miami OH,W
SMU,Mississippi St.,L
Tennessee,Montana,W
Nebraska,North Florida,W
San Jose St.,New Mexico,L
New Mexico,Arizona St.,L
Dartmouth,Boston College,W
Creighton,Kansas,W
Vanderbilt,Maryland Eastern Sho,W
Princeton,Portland,W
South Dakota,Southern,W
Notre Dame,Stonehill,W
UT Arlington,Arkansas St.,L
Florida Gulf Coast,Cal St. Bakersfield,W
Clemson,San Francisco,W
VCU,Georgia Southern,W
Ohio St.,Green Bay,W
Prairie View A&M,UCLA,L
Baylor,St. John's,W
Maryland,Canisius,W
Cornell,California,W
Davidson,Detroit Mercy,W
Colorado,Harvard,W
Canisius,Maine,L
Maryland,Marquette,L
Indiana St.,Murray St.,W
Mississippi,Oral Roberts,W
UCLA,Rider,W
California,Stanford,L
Alabama,Oregon,L
Drexel,Chicago St.,W
Drexel,Purdue Fort Wayne,L
SMU,Florida A&M,W
Iowa,Michigan,L
Connecticut,Maryland Eastern Sho,W
Arizona,Old Dominion,W
Bradley,Southeast Missouri S,W
Sam Houston St.,Texas Southern,W
Youngstown St.,Toledo,W
Xavier,Wake Forest,W
Washington,Washington St.,W
West Virginia,Gonzaga,W
Saint Francis,Lehigh,W
Miami FL,VCU,L
UC Irvine,Weber St.,W
Xavier,TCU,L
Miami FL,Arkansas,L
St. John's,Bryant,W
North Carolina,Dayton,W
Florida,South Florida,W
Maryland,Villanova,W
Rutgers,Penn St.,W
Oregon,Alabama,W
Bellarmine,Ball St.,L
UMKC,Bowling Green,W
BYU,Mississippi Valley S,W
Bowling Green,Morgan St.,W
High Point,North Texas,W
Oklahoma,Oklahoma St.,W
Tennessee Tech,Georgia,L
Arkansas,Central Arkansas,W
Wyoming,Utah St.,L
Marist,Army,W
Cal Poly,Arizona St.,L
Campbell,The Citadel,W
High Point,UNC Greensboro,L
Xavier,Jackson St.,W
Miami OH,Maryland Eastern Sho,W
Liberty,Mississippi Valley S,W
Notre Dame,Rutgers,L
George Mason,Stony Brook,W
UMKC,Wichita St.,W
Arizona St.,Grand Canyon,W
Kentucky,Duke,W
Wisconsin,UCF,W
Clemson,Charleston Southern,W
Sam Houston St.,Colgate,W
Florida Atlantic,FIU,W
Belmont,Illinois St.,W
Toledo,Jacksonville St.,W
Santa Clara,Kennesaw St.,W
Western Kentucky,Seattle,W
Purdue,Texas A&M Corpus Chr,W
UC Riverside,Oregon,L
Purdue Fort Wayne,Bethune Cookman,W
Bowling Green,Michigan St.,L
St. Bonaventure,Bryant,W
Milwaukee,Portland St.,W
Oregon,UCLA,L
UMass Lowell,Dartmouth,W
Incarnate Word,Western Illinois,W
Colorado St.,Loyola Marymount,W
Air Force,Mercyhurst,W
Merrimack,Troy,W
Lehigh,Monmouth,W
Radford,Saint Francis,W
SMU,Cal Baptist,W
Valparaiso,Eastern Illinois,W
Oklahoma,Providence,W
Samford,Michigan St.,L
UNC Asheville,Tennessee St.,W
Florida Atlantic,Florida Gulf Coast,L
Monmouth,Rutgers,L
UC Riverside,Montana St.,W
Montana,Utah St.,L
Oakland,Toledo,W
USC,UT Arlington,W
Arizona St.,Santa Clara,W
Milwaukee,Cleveland St.,W
UC San Diego,James Madison,W
LSU,Louisiana Monroe,W
Maine,Canisius,W
Oklahoma St.,Nevada,L
Illinois,Wisconsin,W
Alabama,North Dakota,W
Miami FL,Binghamton,W
Penn St.,Fordham,W
Missouri,Kansas,W
LIU,Charlotte,W
McNeese St.,Longwood,W
LSU,Kansas St.,W
Penn St.,Virginia Tech,W
Rice,Louisiana,W
Sam Houston St.,Nevada,L
Butler,SMU,W
UMBC,Towson,W
North Carolina,La Salle,W
Dayton,Marquette,W
Rutgers,Notre Dame,W
Wright St.,Princeton,W
UTSA,North Dakota,W
New Mexico,VCU,W
Tulane,Alcorn St.,W
Charlotte,Utah St.,L
Colorado St.,VCU,L
Yale,Delaware,L
VCU,Miami FL,W
Charleston Southern,Miami FL,W
Colgate,UNC Wilmington,W
Florida St.,Massachusetts,W
Gonzaga,Long Beach St.,W
DePaul,Mercer,W
Oregon,Stephen F. Austin,W
Missouri,Arkansas Pine Bluff,W
Northeastern,Central Connecticut,W
Davidson,Bowling Green,W
Butler,Merrimack,W
UNC Asheville,North Florida,W
LSU,Florida Gulf Coast,W
Temple,Massachusetts,W
Yale,Quinnipiac,W
Robert Morris,Cornell,W
Florida,Arizona St.,W
Saint Joseph's,La Salle,W
St. Thomas,Green Bay,W
TCU,Xavier,W
Arkansas,Illinois,L
Elon,Gardner Webb,L
Memphis,Louisiana Tech,W
Virginia Tech,Navy,W
Northeastern,Boston University,W
Ohio,Illinois St.,L
Radford,Old Dominion,W
Indiana,Sam Houston St.,W
Washington,Santa Clara,W
UC Santa Barbara,Portland,W
Northern Iowa,Western Illinois,W
Alabama St.,UNLV,L
Pittsburgh,LSU,W
Kansas St.,New Orleans,W
Pittsburgh,Wisconsin,L
Georgia,Texas Southern,W
Tulsa,UCF,L
Texas,Houston Christian,W
Wake Forest,James Madison,W
UC Santa Barbara,UC San Diego,L
Yale,Stony Brook,W
Boise St.,Hampton,W
Creighton,Texas A&M,L
Detroit Mercy,Eastern Michigan,W
Utah,Eastern Washington,W
Iowa,South Dakota,W
New Mexico,Texas A&M Corpus Chr,W
Dayton,Western Michigan,W
Canisius,Brown,L
Dartmouth,UMass Lowell,L
Davidson,East Tennessee St.,W
Utah,Florida A&M,W
St. John's,Fordham,W
Hampton,High Point,L
Lamar,UT Rio Grande Valley,W
Prairie View A&M,Northern Colorado,L
Colorado St.,Radford,W
Wofford,St. Thomas,W
Charleston Southern,Tennessee Martin,W
Texas A&M,Texas Tech,W
Wichita St.,Western Kentucky,W
Georgetown,Albany,W
Albany,Syracuse,L
Texas Tech,DePaul,W
High Point,North Carolina Centr,W
Wofford,Lipscomb,L
VCU,Colorado St.,W
Troy,Eastern Kentucky,W
Providence,Indiana,L
Houston,Troy,W
Davidson,VMI,W
Abilene Christian,New Mexico St.,W
Utah,Central Arkansas,W
Eastern Kentucky,Southern Illinois,W
Gardner Webb,North Carolina Centr,W
UT Rio Grande Valley,Le Moyne,W
Wright St.,Marshall,W
Southern Utah,Loyola Chicago,L
Syracuse,Texas Tech,L
Utah Valley,Murray St.,W
UCF,LSU,L
Saint Mary's,Akron,W
Oklahoma,Alcorn St.,W
Belmont,Air Force,W
North Carolina,Elon,W
UAB,Alabama A&M,W
Siena,American,W
St. John's,Baylor,L
Charleston,Southern Illinois,W
La Salle,Cornell,W
Austin Peay,Tennessee,L
Cal St. Fullerton,Denver,W
Gardner Webb,Elon,W
Indiana St.,Missouri St.,W
IU Indy,Alabama A&M,W
UT Arlington,Louisiana Tech,L
Saint Louis,Illinois St.,L
Houston Christian,Texas A&M Commerce,W
William & Mary,Appalachian St.,L
Wright St.,Detroit Mercy,W
West Virginia,Bethune Cookman,W
Cincinnati,Northern Kentucky,W
Illinois Chicago,Northwestern,L
Princeton,Merrimack,W
Utah,Queens,W
Radford,Colorado St.,L
Wisconsin,UT Rio Grande Valley,W
Kentucky,Western Kentucky,W
Appalachian St.,Colgate,W
Tulsa,Arkansas Pine Bluff,W
Villanova,Columbia,L
Eastern Washington,Missouri,L
Illinois St.,Belmont,L
Oklahoma,Louisville,W
Harvard,Marist,W
Michigan St.,Oakland,W
Navy,Penn,W
Queens,USC Upstate,W
Southeastern Louisia,Grambling St.,W
Texas St.,Florida Atlantic,L
Lehigh,Georgetown,L
San Francisco,Long Beach St.,W
Loyola Marymount,Nevada,W
Northwestern,Iowa,L
South Dakota St.,Nevada,L
Utah St.,South Florida,W
Louisville,Bellarmine,W
Grand Canyon,Cal St. Fullerton,W
St. Thomas,Chicago St.,W
Albany,Columbia,W
Arkansas St.,Little Rock,W
Wisconsin,Montana St.,W
Hawaii,San Jose St.,W
Stony Brook,Rider,W
Cincinnati,Arkansas Pine Bluff,W
Penn St.,Coppin St.,W
Memphis,Ohio,W
Oklahoma St.,Southern Illinois,W
Utah Valley,UTEP,W
Alcorn St.,Oklahoma,L
Saint Joseph's,American,W
Colgate,Sam Houston St.,L
Duquesne,Towson,W
Missouri,Eastern Washington,W
Washington St.,Eastern Washington,W
UT Arlington,Evansville,W
Florida St.,N.C. State,L
UAB,Southeastern Louisia,W
Utah St.,Utah Tech,W
North Alabama,Air Force,W
North Dakota St.,Santa Clara,W
Texas Tech,Oral Roberts,W
Saint Mary's,Utah,W
Santa Clara,McNeese St.,W
Texas Tech,Syracuse,W
George Mason,Tulane,W
Louisiana Tech,Eastern Kentucky,W
Kansas St.,George Washington,W
George Washington,Lafayette,W
Pittsburgh,Murray St.,W
Sacred Heart,New Hampshire,W
Princeton,Saint Joseph's,W
Saint Mary's,Towson,W
East Tennessee St.,Austin Peay,W
Washington St.,Boise St.,W
Cal St. Northridge,Le Moyne,W
Utah Tech,Cal St. Northridge,L
High Point,Coppin St.,W
UMBC,Coppin St.,W
Eastern Kentucky,Louisiana Tech,L
West Virginia,Iona,W
St. Thomas,Montana,W
Georgia Tech,UMBC,W
Kansas,UNC Wilmington,W
Duke,Louisville,W
Rhode Island,Lafayette,W
Penn,Maine,W
Stanford,Merrimack,W
USC,Montana St.,W
NJIT,Morehead St.,W
Texas A&M,Oregon,L
Illinois,Tennessee,L
Arizona,West Virginia,L
BYU,Mississippi,L
Morgan St.,Campbell,W
Duke,Kansas,L
Pepperdine,Grambling St.,W
Norfolk St.,James Madison,W
New Mexico,St. John's,L
Wake Forest,Western Carolina,W
Syracuse,Youngstown St.,W
Ohio,Austin Peay,W
Providence,Delaware St.,W
Illinois St.,North Dakota St.,W
Mercer,South Carolina,L
Iowa St.,UMKC,W
Western Michigan,Canisius,W
Florida,Wake Forest,W
Hampton,UMBC,W
BYU,Idaho,W
Maryland Eastern Sho,Miami OH,L
South Carolina,South Carolina St.,W
Nebraska,South Dakota,W
Marquette,George Mason,W
UCLA,Lehigh,W
Longwood,UAB,W
Montana,St. Thomas,L
Charleston,Northern Kentucky,W
Sam Houston St.,Tarleton St.,W
South Dakota St.,Colorado,L
South Dakota St.,Southern Miss,W
UC Irvine,Northern Iowa,W
Bryant,St. John's,L
UNC Greensboro,High Point,W
Columbia,Lehigh,W
Fairleigh Dickinson,Manhattan,W
Nebraska,Creighton,W
Nevada,VCU,W
McNeese St.,North Texas,W
Tulsa,Oral Roberts,W
Arkansas,Pacific,W
Queens,VMI,W
N.C. State,USC Upstate,W
Houston,Alabama,L
East Tennessee St.,Wichita St.,L
Clemson,Florida A&M,W
North Texas,Mississippi Valley S,W
Northern Arizona,South Dakota,W
Utah St.,St. Bonaventure,W
UTEP,Louisville,L
Bradley,Santa Clara,L
Holy Cross,Rhode Island,L
UMass Lowell,Saint Peter's,W
North Dakota,Weber St.,W
Boise St.,Saint Mary's,W
Kansas,Howard,W
Boston College,Loyola MD,W
Marist,Richmond,W
Milwaukee,Green Bay,W
Monmouth,Seton Hall,W
Niagara,Kent St.,L
Michigan St.,Niagara,W
Providence,Oklahoma,L
Montana St.,UMKC,W
Pittsburgh,VMI,W
Clemson,Penn St.,W
Iona,Princeton,L
Oklahoma,Lindenwood,W
Ohio,Morehead St.,W
Wichita St.,Northern Iowa,W
San Jose St.,USC,L
Ohio St.,Valparaiso,W
Albany,Dartmouth,W
Cal St. Bakersfield,UC Irvine,L
Delaware,Delaware St.,W
Fairleigh Dickinson,Villanova,L
Florida,Florida A&M,W
Liberty,Valparaiso,W
BYU,UC Riverside,W
Wofford,Milwaukee,L
Toledo,Wright St.,W
Arizona,Canisius,W
Colorado,Iowa St.,L
Florida Gulf Coast,Furman,L
James Madison,UC San Diego,L
Long Beach St.,South Dakota St.,L
Purdue,Marshall,W
William & Mary,Norfolk St.,W
Princeton,Northeastern,W
Connecticut,Sacred Heart,W
Seattle,Western Kentucky,L
UCLA,Southern Utah,W
Mississippi St.,West Georgia,W
Ohio St.,Youngstown St.,W
San Diego St.,Creighton,W
Drake,Vanderbilt,W
Incarnate Word,Cal Baptist,L
Marshall,Western Kentucky,L
New Orleans,Tulane,W
South Alabama,Texas A&M Commerce,W
Stanford,Cal Poly,L
North Carolina,Florida,L
UNC Wilmington,Georgia Southern,W
Maryland Eastern Sho,Longwood,L
Fairleigh Dickinson,Saint Peter's,L
North Alabama,Tennessee Martin,W
New Mexico,Texas Southern,W
Towson,Saint Mary's,L
Florida St.,Western Carolina,W
Western Illinois,South Alabama,W
Milwaukee,Akron,W
Jacksonville St.,Toledo,L
Northern Colorado,South Dakota St.,W
Georgia,Notre Dame,W
Washington St.,Portland St.,W
New Mexico St.,Texas A&M Corpus Chr,W
BYU,Central Arkansas,W
Florida St.,LSU,L
Gonzaga,West Virginia,L
Cal Poly,Grambling St.,W
Dayton,New Mexico St.,W
Gardner Webb,Queens,L
Samford,North Alabama,W
Stanford,UC Davis,W
Utah St.,Wyoming,W
Bowling Green,UMKC,L
BYU,Wyoming,W
Louisville,West Virginia,W
Maryland,Mount St. Mary's,W
Massachusetts,NJIT,W
Texas St.,Ohio,W
Texas A&M,Purdue,W
Indiana St.,Chicago St.,W
Texas A&M,Creighton,W
Texas,Delaware St.,W
Indiana,Nebraska,L
St. John's,Kansas St.,W
Connecticut,New Hampshire,W
Oregon,Troy,W
Bethune Cookman,South Florida,W
Arizona St.,Cal Poly,W
Notre Dame,Creighton,L
Maryland,Alcorn St.,W
Bryant,Drexel,W
James Madison,Wake Forest,L
UAB,Longwood,L
Belmont,Middle Tennessee,W
Boston University,Northeastern,L
Purdue Fort Wayne,Texas A&M Commerce,W
Texas Tech,Saint Joseph's,L
Loyola Chicago,Detroit Mercy,W
Drexel,Albany,W
East Tennessee St.,Davidson,L
South Alabama,Incarnate Word,W
Mercer,Jacksonville,W
Cal Baptist,Kennesaw St.,W
Purdue,Northern Kentucky,W
Mississippi St.,Prairie View A&M,W
South Dakota,Nebraska,L
Illinois Chicago,Yale,W
Santa Clara,Arizona St.,L
Army,Cornell,L
Florida St.,Hofstra,W
Lipscomb,Chattanooga,W
LSU,UCF,W
Clemson,Memphis,L
George Washington,NJIT,W
UMass Lowell,Massachusetts,W
Arkansas St.,Indiana St.,W
Cal St. Northridge,Utah Tech,W
Charleston Southern,LSU,L
Sacred Heart,Holy Cross,L
Lehigh,Columbia,L
Milwaukee,UCF,L
N.C. State,Presbyterian,W
Marquette,Purdue,W
Clemson,Radford,W
South Carolina St.,Samford,L
Siena,Bucknell,W
Idaho,BYU,L
Fordham,Maine,W
Manhattan,Virginia,L
Vanderbilt,Nevada,W
South Carolina,Virginia Tech,W
Troy,UTSA,W
Weber St.,Utah Tech,W
Cal St. Northridge,Denver,W
UC Santa Barbara,Fresno St.,W
South Carolina,Mercer,W
Montana St.,Nebraska Omaha,W
Louisiana,Nicholls St.,L
Norfolk St.,Stony Brook,W
Fairfield,Rider,W
San Jose St.,Hawaii,L
South Carolina St.,Furman,L
Arizona,Wisconsin,L
Colorado,Cal St. Fullerton,W
California,USC,W
Arkansas Pine Bluff,Central Arkansas,W
Central Connecticut,Saint Joseph's,W
Gardner Webb,Tennessee,L
Duke,George Mason,W
Illinois St.,McNeese St.,L
Saint Louis,Loyola Marymount,W
Niagara,Merrimack,L
Tennessee,Illinois,W
Arizona,Oklahoma,L
Saint Louis,Chicago St.,W
Eastern Kentucky,Troy,L
Tennessee,Gardner Webb,W
Cornell,Lafayette,W
Marquette,Iowa St.,L
Mississippi St.,Utah,W
Georgia Tech,Charleston Southern,W
Kansas St.,Cleveland St.,W
Oklahoma,Georgia Tech,W
Oregon St.,Idaho,W
Northern Arizona,Stanford,L
Pepperdine,UC San Diego,L
Marshall,South Carolina St.,W
Texas Tech,Texas A&M,L
UC Riverside,BYU,L
Louisville,UTEP,W
Grambling St.,USC,L
West Virginia,North Carolina Centr,W
Rutgers,Texas A&M,L
Towson,Robert Morris,L
Illinois,Alabama,L
Bellarmine,VCU,L
Rhode Island,Detroit Mercy,W
Oregon,Montana,W
Minnesota,Oral Roberts,W
Presbyterian,Miami FL,L
St. John's,Quinnipiac,W
Seattle,Eastern Washington,L
Stonehill,Boston College,L
Virginia Tech,USC Upstate,W
Drexel,Fordham,W
Georgia Southern,UNC Wilmington,L
Howard,Tennessee St.,W
Longwood,Campbell,W
Marist,Manhattan,W
Michigan,Wake Forest,L
New Mexico,UCLA,W
Xavier,Siena,W
South Dakota,Iowa,L
Northern Colorado,St. Thomas,L
Michigan,TCU,W
California,Cal St. Bakersfield,W
Colorado St.,Mississippi,L
High Point,Jackson St.,W
Mercyhurst,Lafayette,L
Texas A&M Corpus Chr,Le Moyne,W
Western Kentucky,Marshall,W
South Carolina St.,Alabama A&M,W
Tennessee Martin,Texas A&M Corpus Chr,L
UNLV,Dayton,L
Texas Tech,Arkansas Pine Bluff,W
Indiana St.,Arkansas St.,L
BYU,Providence,L
Florida St.,Tulane,W
Memphis,UNLV,W
Missouri,Memphis,L
Boston College,Stonehill,W
Texas,N.C. State,W
USC Upstate,Virginia Tech,L
Murray St.,Utah Valley,L
San Diego,Boston University,W
Denver,Cal Poly,L
Idaho,Southern Utah,L
Louisiana,Liberty,L
Stony Brook,Marist,L
South Dakota St.,Missouri St.,W
North Florida,South Carolina,W
Western Michigan,Youngstown St.,W
Charleston,Wofford,W
Boston College,Wake Forest,L
Columbia,Stony Brook,W
Samford,West Georgia,W
Incarnate Word,Arkansas Pine Bluff,W
Jackson St.,Vanderbilt,L
Penn,Maryland Eastern Sho,W
Rutgers,Merrimack,W
North Carolina Centr,Longwood,W
Southern Illinois,Oklahoma St.,L
Tulane,Southern Miss,W
Dayton,UNLV,W
Arkansas St.,Memphis,W
East Carolina,Jacksonville St.,L
Long Beach St.,Hawaii,W
Marshall,Morehead St.,W
Vanderbilt,Southeast Missouri S,W
Loyola Chicago,Southern Utah,W
Stanford,Cal St. Fullerton,W
Central Arkansas,Georgia Tech,L
Marquette,Dayton,L
Mississippi,Southern Miss,W
Utah,Radford,W
Virginia,Villanova,W
Alabama St.,Lamar,W
Valparaiso,Central Michigan,W
N.C. State,Coastal Carolina,W
Connecticut,Dayton,L
Duke,Arizona,W
South Alabama,Jacksonville St.,W
Alabama,McNeese St.,W
Rice,Texas St.,L
Villanova,Rider,W
Southern Indiana,South Dakota,W
North Alabama,Tennessee Tech,W
Furman,Tulane,W
Yale,Minnesota,L
SIU Edwardsville,Ball St.,W
Clemson,Boise St.,L
Kentucky,Colgate,W
Columbia,LIU,W
Washington,Eastern Washington,W
Mississippi,Lindenwood,W
Maryland Eastern Sho,Penn,L
South Dakota St.,McNeese St.,W
San Francisco,Mercyhurst,W
Presbyterian,N.C. State,L
Clemson,Saint Francis,W
SIU Edwardsville,Western Michigan,W
Ball St.,SIU Edwardsville,L
Bradley,Washington St.,L
Bryant,Tennessee St.,W
Fairfield,Vermont,W
Louisiana Tech,Georgia Southern,W
Louisiana Tech,Grand Canyon,W
Lamar,Texas A&M,L
Kent St.,Mercyhurst,W
Wake Forest,Michigan,W
Purdue,Texas A&M,L
East Tennessee St.,Queens,W
William & Mary,Radford,L
American,Albany,W
Boston College,Old Dominion,W
Butler,Wisconsin,L
Delaware,Rider,W
Syracuse,Georgetown,L
UCF,Milwaukee,W
Virginia Tech,North Carolina A&T,W
Boston College,Temple,W
South Carolina,Towson,W
Wyoming,Utah Tech,W
UC Santa Barbara,UTEP,L
Marquette,Western Carolina,W
Louisiana,Appalachian St.,W
San Jose St.,Cal Poly,W
Central Michigan,South Alabama,W
Florida,Grambling St.,W
Holy Cross,Brown,W
Howard,UMBC,L
Houston,Louisiana,W
Texas,Mississippi Valley S,W
Nicholls St.,Gonzaga,L
Pepperdine,Northern Arizona,W
San Jose St.,UTEP,W
Lipscomb,Southeast Missouri S,W
Baylor,Tennessee,L
Navy,Harvard,W
La Salle,Stetson,W
Louisiana Tech,Memphis,L
Loyola Marymount,Wyoming,W
Louisville,Morehead St.,W
Norfolk St.,UC Davis,W
UMBC,Georgia Tech,L
George Washington,VMI,W
Alabama St.,Nebraska Omaha,W
Cal St. Fullerton,Grand Canyon,L
Cal Baptist,Eastern Washington,W
Furman,Florida Gulf Coast,W
USC,Grambling St.,W
Jacksonville St.,South Alabama,L
Kansas St.,Longwood,W
Mercyhurst,San Francisco,L
Northwestern St.,Incarnate Word,W
Niagara,Siena,W
Elon,Wofford,W
Wofford,Saint Louis,W
California,Air Force,W
Merrimack,Boston University,W
UC San Diego,Cal St. Bakersfield,W
Gardner Webb,Georgia Southern,L
Princeton,Iona,W
Winthrop,LIU,W
Virginia,Manhattan,W
UNLV,Memphis,L
Quinnipiac,St. John's,L
Grand Canyon,Arizona St.,L
Penn St.,Buffalo,W
North Alabama,Auburn,L
Michigan St.,Samford,W
South Carolina,Boston College,W
Utah Tech,Weber St.,L
Binghamton,Lafayette,W
Duquesne,Delaware,W
Illinois Chicago,James Madison,L
Nicholls St.,Louisiana,W
Saint Louis,Santa Clara,L
South Florida,Loyola Chicago,L
Texas Southern,Nevada,L
Appalachian St.,William & Mary,W
Rice,Arkansas St.,W
California,Cal Poly,W
Chattanooga,Evansville,W
Stanford,Denver,W
Howard,Cincinnati,L
Murray St.,Pittsburgh,L
Pepperdine,New Mexico St.,W
Portland St.,Pacific,W
Purdue Fort Wayne,Detroit Mercy,L
Loyola Chicago,Tulsa,W
UTEP,UNC Greensboro,W
Kennesaw St.,Abilene Christian,W
Colgate,Northeastern,L
Elon,North Carolina,L
Rhode Island,Fairfield,W
IU Indy,Green Bay,W
Cincinnati,Howard,W
LIU,Cal Baptist,L
Mississippi,LIU,W
Tennessee,Tennessee Martin,W
Arkansas St.,UT Arlington,W
American,Siena,L
UCLA,Cal St. Fullerton,W
Quinnipiac,Stonehill,L
St. Thomas,Western Michigan,W
Wichita St.,DePaul,L
Mississippi St.,Butler,L
Fordham,Drexel,L
Evansville,Green Bay,W
South Dakota St.,Long Beach St.,W
Southern Indiana,Southern Illinois,L
Yale,Rhode Island,L
Middle Tennessee,Bradley,L
Brown,Vermont,W
Georgia St.,Kentucky,L
Indiana St.,Iona,W
Michigan,Xavier,W
Washington St.,Northern Colorado,W
Rutgers,Ohio St.,L
Murray St.,Southeast Missouri S,W
Southern,Louisiana Tech,W
North Florida,UNC Asheville,L
Winthrop,Queens,W
Alabama St.,SMU,L
Bryant,St. Bonaventure,L
Chicago St.,Drexel,L
Cornell,Iona,W
Northwestern,Illinois Chicago,W
Morehead St.,Cleveland St.,W
North Carolina Centr,Winthrop,L
Sacred Heart,Brown,L
UNC Wilmington,Howard,L
UCLA,Washington,W
Radford,William & Mary,W
Holy Cross,New Hampshire,W
UAB,Illinois St.,L
Memphis,Missouri,W
Norfolk St.,Baylor,L
Rutgers,Saint Peter's,W
Arizona St.,St. Thomas,W
Milwaukee,Wofford,W
Georgia,Alabama A&M,W
VCU,Boston College,W
Vermont,Buffalo,W
Idaho St.,USC,L
Sacred Heart,Iona,W
La Salle,Lafayette,W
Miami FL,Oklahoma St.,L
North Carolina A&T,Liberty,L
UT Arlington,Rhode Island,L
Santa Clara,Saint Louis,W
Villanova,Saint Joseph's,L
Central Michigan,George Mason,W
Clemson,Eastern Kentucky,W
UNC Greensboro,Florida Gulf Coast,W
Jacksonville,Mercer,L
Kansas St.,St. John's,L
Northern Iowa,Nebraska Omaha,W
Saint Mary's,USC,W
Idaho,UC Davis,L
Penn St.,UMBC,W
Cal St. Bakersfield,Northeastern,W
Harvard,Colgate,W
Loyola Chicago,Eastern Michigan,W
North Dakota,Utah Valley,W
Northern Colorado,Air Force,W
Kansas St.,Drake,L
Columbia,Mercyhurst,W
Middle Tennessee,UAB,W
Dayton,Northwestern,W
UNLV,Northwestern,L
California,Sacramento St.,W
San Jose St.,UNC Greensboro,W
Vanderbilt,Drake,L
West Virginia,Georgetown,W
Green Bay,Oklahoma St.,L
James Madison,Jacksonville St.,W
Jacksonville,Siena,W
Lipscomb,Duquesne,W
California,Mercyhurst,W
Utah,Mississippi St.,L
Kent St.,Niagara,W
Oral Roberts,Northern Arizona,W
SMU,Prairie View A&M,W
UC San Diego,Utah St.,W
Cal Poly,San Jose St.,L
Indiana St.,Ball St.,W
Memphis,Virginia,W
Southern Utah,Nebraska Omaha,W
Northern Iowa,Wichita St.,L
San Diego St.,Oregon,L
Dayton,Saint Francis,W
VCU,Bellarmine,W
Chattanooga,Southeast Missouri S,W
Delaware,Duquesne,L
Indiana,Eastern Illinois,W
Green Bay,Ohio St.,L
Liberty,Kansas St.,W
Montana,Tennessee,L
N.C. State,Purdue,L
Ohio,UNC Asheville,W
SMU,UNC Greensboro,W
UAB,Arkansas St.,L
Bryant,Buffalo,W
Charleston,Saint Joseph's,W
Lamar,Louisiana,W
Portland St.,Seattle,L
Texas A&M Corpus Chr,Purdue,L
Marist,Stony Brook,W
UMass Lowell,Merrimack,W
Portland St.,Wofford,W
Rhode Island,UT Arlington,W
UT Arlington,Louisiana Monroe,W
Youngstown St.,Syracuse,L
Florida Atlantic,Liberty,W
Idaho St.,South Dakota,L
USC,Idaho St.,W
Miami OH,Appalachian St.,W
Morehead St.,Marshall,L
North Dakota,Loyola Marymount,W
UCF,Tennessee Tech,W
Tennessee,Virginia,W
William & Mary,Winthrop,L
Alabama,Arkansas St.,W
Drake,Florida Atlantic,W
Eastern Kentucky,Chicago St.,W
St. John's,Harvard,W
Alabama A&M,IU Indy,L
Clemson,Kentucky,W
Troy,Merrimack,L
McNeese St.,Santa Clara,L
Southeast Missouri S,Vanderbilt,L
Wright St.,Miami OH,W
Buffalo,Old Dominion,W
Louisiana Tech,Massachusetts,W
Columbia,New Hampshire,W
North Alabama,East Carolina,W
Creighton,UMKC,W
Fairfield,Yale,L
Florida Atlantic,Indiana St.,W
Pittsburgh,Gardner Webb,W
Georgetown,Syracuse,W
Cal Baptist,Incarnate Word,W
Florida Atlantic,Jacksonville,W
Bucknell,NJIT,W
Lipscomb,Belmont,L
Michigan St.,Colorado,W
UTSA,Houston Christian,W
Kennesaw St.,Cal Baptist,L
Penn,Saint Joseph's,L
Hofstra,Arkansas St.,W
Bellarmine,Bowling Green,W
Miami FL,Charleston Southern,L
Georgia,Marquette,L
Houston,Notre Dame,W
Iona,Hofstra,L
Lafayette,Mercyhurst,W
Drake,Stephen F. Austin,W
UT Rio Grande Valley,Tennessee Tech,W
Western Carolina,Wake Forest,L
Akron,Saint Mary's,L
Cal Poly,San Francisco,L
Rhode Island,Central Connecticut,W
South Carolina St.,Charleston Southern,W
Charleston,The Citadel,W
Saint Joseph's,Coppin St.,W
Illinois St.,UAB,W
Long Beach St.,Cal St. Fullerton,W
N.C. State,Kansas,L
VCU,Nevada,L
North Florida,UNC Asheville,L
UAB,Prairie View A&M,W
Campbell,Navy,W
Maine,Duke,L
Massachusetts,Temple,L
New Orleans,Kansas St.,L
Northern Colorado,Colorado,L
Mississippi St.,Southeastern Louisia,W
Texas A&M Corpus Chr,Tennessee Martin,W
Buffalo,Vermont,L
Colgate,Kentucky,L
New Orleans,Lindenwood,W
Miami FL,Tennessee,L
Oklahoma,Texas A&M Commerce,W
Valparaiso,Ohio St.,L
Bellarmine,Northern Kentucky,L
Mount St. Mary's,Delaware St.,W
George Washington,Old Dominion,W
Montana St.,Wisconsin,L
Tennessee Martin,Alabama St.,L
Towson,Nicholls St.,W
Cleveland St.,Green Bay,W
Notre Dame,Dartmouth,W
Eastern Michigan,Oakland,W
Tennessee St.,Howard,L
Monmouth,Stephen F. Austin,L
Wofford,North Alabama,W
Texas Southern,Sam Houston St.,L
Texas St.,TCU,L
Arizona St.,Saint Mary's,W
Austin Peay,Butler,W
Coastal Carolina,IU Indy,W
Washington,Colorado St.,W
East Tennessee St.,Eastern Kentucky,L
Maryland,Florida A&M,W
Georgia,Grand Canyon,W
Middle Tennessee,Abilene Christian,W
Morehead St.,NJIT,L
Northern Arizona,Pepperdine,L
Valparaiso,Northern Illinois,W
Pepperdine,UC Irvine,L
UNC Wilmington,Kansas,L
Colorado,Colorado St.,W
DePaul,Eastern Illinois,W
Northern Arizona,Incarnate Word,W
Norfolk St.,Hampton,W
Ohio,James Madison,L
Oregon St.,North Texas,L
Illinois St.,Pacific,W
Quinnipiac,Rider,W
Saint Peter's,Rutgers,L
West Georgia,Tennessee Tech,W
South Dakota,Wyoming,W
Rhode Island,Yale,W
Eastern Michigan,Houston Christian,W
Le Moyne,Syracuse,L
Manhattan,Marist,L
Navy,Rider,L
Wright St.,Youngstown St.,L
Youngstown St.,Wright St.,W
Southern Miss,Abilene Christian,L
Davidson,Arizona,L
Bryant,Chattanooga,L
North Florida,Charleston Southern,W
Detroit Mercy,Rhode Island,L
Oral Roberts,Tulsa,L
New Mexico,San Jose St.,W
Xavier,South Carolina,W
South Dakota,Southern Indiana,L
Southeastern Louisia,Tulane,W
Southern Indiana,DePaul,L
Utah Tech,Boise St.,L
Bryant,Delaware,W
Montana,Cal St. Northridge,W
Gonzaga,Connecticut,L
Virginia Tech,Delaware St.,W
Fordham,San Francisco,L
UNC Wilmington,Marshall,W
Iowa St.,Nebraska Omaha,W
Pacific,Arkansas,L
Quinnipiac,Sacred Heart,W
Brown,Stony Brook,W
Abilene Christian,Kennesaw St.,L
Baylor,Gonzaga,L
Vanderbilt,California,W
Fairleigh Dickinson,La Salle,L
Florida Gulf Coast,LSU,L
Georgia,St. John's,W
Old Dominion,High Point,L
La Salle,Illinois Chicago,L
Indiana,Miami OH,W
N.C. State,Texas,L
UC Davis,Grand Canyon,W
Butler,Western Michigan,W
Michigan St.,Bowling Green,W
UC Irvine,Cal St. Bakersfield,W
Green Bay,Providence,L
Idaho,Oregon St.,L
Kansas St.,Liberty,L
Murray St.,UT Arlington,W
Weber St.,North Dakota St.,L
North Florida,SIU Edwardsville,W
Texas A&M,Rutgers,W
Santa Clara,TCU,W
Temple,Boston College,L
UNLV,Creighton,L
Valparaiso,DePaul,L
Saint Louis,Wofford,L
Air Force,Belmont,L
Cal St. Fullerton,Pepperdine,W
Florida Atlantic,Drake,L
Creighton,Fairleigh Dickinson,W
Grambling St.,Cal Poly,L
Kentucky,Clemson,L
Stetson,La Salle,L
Manhattan,Fairleigh Dickinson,L
Bowling Green,Niagara,W
Prairie View A&M,Loyola Marymount,L
St. Thomas,Arizona St.,L
UMass Lowell,Stonehill,W
Wright St.,Air Force,W
Eastern Kentucky,Clemson,L
FIU,Stetson,W
Northwestern,Georgia Tech,W
Little Rock,UTSA,W
San Diego,Long Beach St.,L
Northwestern St.,North Alabama,W
North Florida,Georgia Southern,L
Northern Arizona,Oral Roberts,L
St. Bonaventure,Northern Iowa,W
Wofford,Portland St.,L
St. Bonaventure,Florida Gulf Coast,W
Stony Brook,Marquette,L
USC Upstate,UNC Wilmington,L
Old Dominion,William & Mary,W
Alabama St.,Akron,L
James Madison,East Tennessee St.,W
Northeastern,Harvard,W
Iowa St.,IU Indy,W
Akron,Lamar,W
North Alabama,Louisiana Monroe,W
UT Arlington,Louisiana Monroe,W
Oral Roberts,Missouri St.,L
Northwestern,Montana St.,W
Stonehill,New Orleans,W
Liberty,North Carolina A&T,W
Green Bay,SIU Edwardsville,W
Bradley,UTSA,W
Northern Kentucky,Bellarmine,W
Butler,Houston,L
Georgia,Georgia Tech,W
Rutgers,Seton Hall,W
Wake Forest,USC Upstate,W
Georgia Southern,Louisiana Tech,L
High Point,Old Dominion,W
La Salle,Drexel,W
Vermont,Miami OH,W
Hawaii,North Carolina,L
Vermont,Northeastern,W
Prairie View A&M,Texas A&M Corpus Chr,L
Iowa,Rider,W
Tennessee Tech,UCF,L
Saint Joseph's,Villanova,W
Charlotte,West Georgia,W
Lamar,Alabama St.,L
Fordham,Bryant,W
Rhode Island,Holy Cross,W
Le Moyne,Dartmouth,W
Liberty,McNeese St.,W
Mount St. Mary's,LIU,W
Fordham,New Hampshire,W
North Carolina A&T,The Citadel,W
Seton Hall,Oklahoma St.,L
Oregon St.,Sacramento St.,W
Southern Illinois,Southern Indiana,W
Central Arkansas,UNC Asheville,W
Miami OH,Air Force,W
Army,Duke,L
Long Beach St.,San Jose St.,L
Northwestern,UNLV,W
Ohio St.,Texas A&M,L
Texas,Ohio St.,L
Furman,South Carolina St.,W
UC Santa Barbara,San Jose St.,W
West Georgia,Utah Valley,L
Western Michigan,St. Thomas,L
Richmond,Belmont,L
Manhattan,Fordham,W
Notre Dame,Houston,L
Presbyterian,Monmouth,W
Mount St. Mary's,Bucknell,W
Wyoming,Tennessee St.,W
Saint Mary's,UTSA,W
UTSA,Troy,L
Bowling Green,Davidson,L
East Carolina,George Mason,W
Indiana,Gonzaga,L
Washington St.,Idaho,W
Louisville,Oklahoma,L
Utah Valley,North Dakota,W
Northern Colorado,Washington St.,L
San Diego St.,Fresno St.,W
Washington St.,SMU,L
South Carolina,Indiana,L
Texas A&M Corpus Chr,Stephen F. Austin,W
North Dakota,UTSA,L
Washington St.,Washington,L
Bellarmine,Western Carolina,L
Boston College,Dartmouth,L
South Dakota St.,Duquesne,W
Furman,Belmont,W
Wisconsin,Holy Cross,W
Marshall,Ohio,W
Saint Peter's,Fairleigh Dickinson,W
Iona,Saint Peter's,W
Colgate,Vermont,W
Oregon St.,Weber St.,W
Gardner Webb,Bethune Cookman,W
Cal Poly,Cal St. Northridge,L
Charleston Southern,Davidson,L
Penn St.,Clemson,L
Florida St.,Temple,W
Belmont,Furman,L
New Hampshire,Holy Cross,L
Jacksonville,Virginia Tech,W
Arkansas,Little Rock,W
Tulane,Louisiana Monroe,W
West Virginia,Louisville,L
Miami OH,Michigan,L
Nicholls St.,New Mexico,L
Pacific,San Jose St.,W
Siena,Bryant,W
Southern,Iowa,L
Utah St.,UC San Diego,L
Boston University,Albany,W
Binghamton,Le Moyne,W
Wake Forest,Boston College,W
Boston University,Merrimack,L
Brown,Bryant,W
Wagner,Coppin St.,W
Temple,Drexel,W
Army,Fairleigh Dickinson,W
Southern Indiana,Indiana St.,W
Niagara,Bowling Green,L
Norfolk St.,Grand Canyon,L
Northern Kentucky,Akron,L
SMU,Butler,L
South Alabama,Nicholls St.,W
Samford,Utah Valley,W
Rutgers,Wagner,W
Western Kentucky,Evansville,W
Duke,Kentucky,L
Eastern Washington,Washington,L
George Washington,Louisiana,W
North Carolina A&T,George Washington,L
Oral Roberts,Mississippi,L
Portland St.,Milwaukee,L
Saint Peter's,Duquesne,W
Indiana,SIU Edwardsville,W
Stony Brook,Central Michigan,W
Washington St.,Nevada,W
Georgia Tech,West Georgia,W
Cal St. Northridge,USC,L
Loyola MD,Mount St. Mary's,W
Detroit Mercy,Purdue Fort Wayne,W
Siena,Niagara,L
Southern Illinois,Austin Peay,W
Stanford,Utah Valley,W
Arkansas Pine Bluff,Pacific,L
Arkansas,Miami FL,W
Georgia Tech,Oklahoma,L
SMU,LSU,W
Brown,New Hampshire,W
Presbyterian,Tennessee Tech,L
Oklahoma,Stetson,W
La Salle,Temple,W
North Carolina,Auburn,L
Dayton,Ball St.,W
Richmond,Ball St.,W
Western Carolina,Bellarmine,W
Central Connecticut,Massachusetts,W
Cleveland St.,Milwaukee,L
FIU,Florida Atlantic,L
Louisiana,Kent St.,L
Rice,Northwestern St.,W
Kent St.,Portland,W
Texas,Syracuse,W
Vanderbilt,Tennessee Tech,W
Iowa,Texas A&M Commerce,W
UC San Diego,Idaho,W
South Florida,Arkansas Pine Bluff,W
Southern Illinois,Charleston,L
Florida Gulf Coast,Drake,L
Air Force,Jacksonville St.,W
Kent St.,Towson,W
St. Bonaventure,Le Moyne,W
Tennessee,Miami FL,W
Prairie View A&M,Fresno St.,L
Kennesaw St.,Rutgers,W
Temple,Villanova,L
UNC Wilmington,USC Upstate,W
Campbell,Virginia,L
Colorado St.,TCU,W
Florida St.,Florida,L
Kent St.,Cleveland St.,W
Georgetown,Lehigh,W
Nevada,Vanderbilt,L
Santa Clara,Washington,L
UMass Lowell,Washington,L
Abilene Christian,Nebraska Omaha,W
Arkansas,Baylor,L
Creighton,Alabama,L
Delaware,Vermont,L
Elon,Penn,W
Evansville,North Texas,L
Howard,FIU,W
Western Illinois,Incarnate Word,L
Missouri St.,Indiana St.,L
Nebraska Omaha,Stetson,W
UNLV,New Mexico St.,W
Stanford,Norfolk St.,W
Houston Christian,Northern Arizona,L
Northern Illinois,Valparaiso,L
Northwestern St.,Rice,L
Penn St.,Rutgers,L
Penn,Lafayette,L
VMI,Queens,L
Xavier,Cincinnati,L
Saint Mary's,Cal Poly,W
Charlotte,Georgia St.,W
Cornell,La Salle,L
Vermont,Delaware,W
Norfolk St.,Hofstra,L
Holy Cross,Wisconsin,L
Illinois Chicago,Little Rock,W
USC,New Mexico,L
Arizona St.,San Diego,W
Michigan,Tarleton St.,W
Georgia,Tennessee Tech,W
Toledo,Detroit Mercy,W
Washington,UCLA,L
UNC Asheville,Western Carolina,W
Albany,UMKC,W
Old Dominion,George Washington,L
Harvard,Colorado,L
Iona,Indiana St.,L
Lipscomb,Kentucky,L
Wyoming,Loyola Marymount,L
Georgia Tech,North Florida,L
SIU Edwardsville,Indiana St.,W
TCU,Vanderbilt,L
George Mason,UNC Asheville,W
William & Mary,Old Dominion,L
Coastal Carolina,N.C. State,L
Green Bay,IU Indy,L
Oklahoma St.,Green Bay,W
Kansas,Michigan St.,W
San Francisco,Saint Louis,W
Texas A&M Commerce,South Alabama,L
Southern Indiana,Purdue Fort Wayne,L
Eastern Washington,Washington St.,L
Santa Clara,Fresno St.,W
Lindenwood,Stonehill,W
New Mexico St.,Utah Tech,W
North Texas,Northern Iowa,W
Illinois St.,Northern Illinois,W
UC Irvine,Pepperdine,W
Southern,Tulsa,W
Yale,Illinois Chicago,L
Albany,Boston University,L
Virginia,Campbell,W
Lindenwood,IU Indy,W
Purdue Fort Wayne,IU Indy,W
Michigan,Virginia Tech,W
North Florida,Nebraska,L
Utah St.,North Texas,W
Incarnate Word,Northwestern St.,L
Ohio,Texas St.,L
Texas Southern,Samford,L
Troy,Toledo,W
UTSA,Saint Mary's,L
Vermont,UAB,W
West Georgia,Charlotte,L
Central Connecticut,Binghamton,W
Eastern Kentucky,Eastern Illinois,W
Georgia Southern,Gardner Webb,W
San Diego St.,Gonzaga,L
La Salle,Saint Joseph's,L
Stonehill,Lindenwood,L
Missouri St.,Oral Roberts,W
Georgia Tech,Texas Southern,W
Florida St.,Winthrop,W
Presbyterian,Wofford,W
Minnesota,Yale,W
Boston College,Missouri St.,W
Eastern Michigan,Detroit Mercy,L
Eastern Illinois,DePaul,L
Nebraska,Fairleigh Dickinson,W
Richmond,Marist,L
Georgetown,Mount St. Mary's,W
Hawaii,Pacific,W
Central Michigan,Minnesota,L
USC,Chattanooga,W
Western Kentucky,Jackson St.,W
Utah Valley,North Dakota St.,L
Northern Colorado,Cal Baptist,W
UMass Lowell,Quinnipiac,W
Samford,Arizona,L
UTEP,Tarleton St.,W
Weber St.,North Dakota,L
Northeastern,Colgate,W
Grand Canyon,Stanford,W
Little Rock,Tulsa,W
McNeese St.,Mississippi St.,L
Mercyhurst,Sacramento St.,W
Oakland,Michigan St.,L
Denver,Montana St.,W
Montana St.,Wichita St.,L
Santa Clara,North Dakota St.,L
Rider,Fairfield,L
Alcorn St.,Utah,L
Drexel,Colgate,W
Valparaiso,Drake,L
Fresno St.,UC Santa Barbara,L
Hofstra,Massachusetts,W
Sacramento St.,California,L
Saint Peter's,UMBC,W
Seton Hall,Villanova,L
South Dakota,Western Michigan,W
Marshall,Southern Indiana,W
Oregon St.,UC Irvine,W
UC Riverside,Colorado St.,W
Alcorn St.,Washington,L
Alabama A&M,Coastal Carolina,W
Kennesaw St.,Georgia St.,W
Le Moyne,Manhattan,W
Minnesota,Indiana,L
Northwestern St.,California,L
Oral Roberts,Belmont,L
UNLV,Pacific,W
Tulane,Furman,L
Oakland,Wright St.,W
Hampton,Boise St.,L
Sacred Heart,Central Connecticut,W
IU Indy,Purdue Fort Wayne,L
Kennesaw St.,Santa Clara,L
Memphis,San Francisco,W
Nebraska Omaha,Sacramento St.,W
Seton Hall,NJIT,W
North Carolina A&T,East Carolina,L
North Dakota St.,Northern Colorado,W
Youngstown St.,Oakland,W
Sacred Heart,Boston University,W
West Georgia,Troy,L
Jacksonville St.,Utah Valley,W
Wofford,Presbyterian,L
Arkansas Pine Bluff,Tulsa,L
Sacramento St.,Cal St. Northridge,L
Washington St.,Fresno St.,W
North Carolina Centr,Gardner Webb,L
Little Rock,Arkansas St.,L
Northwestern St.,Texas Tech,L
Pacific,Colorado,L
Southern Illinois,Florida,L
Texas A&M Corpus Chr,New Mexico St.,L
Alcorn St.,Rice,L
Northwestern,Butler,L
Florida Gulf Coast,UNC Wilmington,L
Missouri St.,High Point,W
Lehigh,Saint Francis,L
Longwood,McNeese St.,L
New Mexico,Nicholls St.,W
George Washington,North Carolina A&T,W
North Carolina Centr,Gardner Webb,W
Northwestern,Dayton,L
St. Bonaventure,Utah St.,L
Stanford,Santa Clara,W
Western Kentucky,Wichita St.,L
Georgetown,West Virginia,L
Georgia Southern,Winthrop,W
Georgia St.,Tulsa,W
Jacksonville St.,Air Force,L
Furman,Jacksonville,W
UTSA,Merrimack,W
Ohio,Portland,W
Northeastern,Princeton,L
South Florida,Utah St.,L
Stephen F. Austin,Louisiana Monroe,W
Texas St.,Texas Southern,W
Tulane,George Mason,L
Nebraska,UT Rio Grande Valley,W
Villanova,Virginia,L
New Mexico St.,Abilene Christian,L
Washington,Alcorn St.,W
Chicago St.,Loyola Chicago,L
Denver,Portland St.,W
Michigan St.,Memphis,L
New Mexico St.,Texas,L
Bradley,Northern Illinois,W
Rider,Quinnipiac,L
Sacred Heart,Quinnipiac,L
Saint Francis,Maryland,L
UC San Diego,Seattle,L
UT Rio Grande Valley,Southern Utah,W
Western Kentucky,Tennessee St.,W
Hawaii,Texas A&M Corpus Chr,W
UC Davis,UC Santa Barbara,W
USC Upstate,East Tennessee St.,L
UT Arlington,Austin Peay,W
Central Connecticut,Holy Cross,W
Seattle,UTEP,L
Army,Manhattan,L
Buffalo,Notre Dame,L
Cal St. Bakersfield,FIU,L
LSU,Charleston Southern,W
Drake,Valparaiso,W
Seattle,Liberty,L
Lehigh,Marist,W
Delaware,Robert Morris,W
Connecticut,Texas A&M Commerce,W
Texas A&M Commerce,Stonehill,L
Missouri St.,Tulsa,W
West Georgia,Mercer,L
Wright St.,Oakland,L
Bryant,Brown,L
Grand Canyon,Georgia,L
Arkansas,Lipscomb,W
Mississippi St.,McNeese St.,W
South Alabama,Mercer,W
Prairie View A&M,Incarnate Word,L
UNC Wilmington,Sam Houston St.,W
Bryant,Siena,L
Tennessee,Western Carolina,W
East Tennessee St.,Charlotte,W
Murray St.,Maryland Eastern Sho,W
New Mexico,New Mexico St.,L
Incarnate Word,Prairie View A&M,W
Eastern Michigan,Purdue Fort Wayne,L
Purdue,Penn St.,L
Georgetown,Saint Francis,W
Alcorn St.,South Alabama,L
Northern Kentucky,Cincinnati,L
Portland,Denver,W
Princeton,Duquesne,W
Houston Christian,UTSA,L
Middle Tennessee,Belmont,L
Mississippi,Southern,W
Oklahoma St.,St. Thomas,W
Indiana,UNC Greensboro,W
Portland St.,Utah Tech,W
Saint Mary's,Arizona St.,L
Bellarmine,Louisville,L
Buffalo,Penn St.,L
Montana,Denver,W
East Carolina,Illinois Chicago,W
Florida A&M,Clemson,L
Niagara,Michigan St.,L
Morgan St.,NJIT,W
North Dakota St.,West Georgia,W
Fresno St.,Prairie View A&M,W
Purdue Fort Wayne,UCF,L
California,Cornell,L
Saint Louis,Jackson St.,W
Butler,Missouri St.,W
Georgia Southern,North Florida,W
Saint Francis,Radford,L
Seton Hall,Rutgers,L
East Tennessee St.,USC Upstate,W
SMU,Virginia,W
Saint Mary's,Boise St.,L
DePaul,St. John's,L
Duquesne,DePaul,L
Wisconsin,Michigan,L
Lafayette,Penn,W
Louisiana Monroe,Stephen F. Austin,L
Tennessee St.,Colorado St.,L
Texas Southern,Xavier,L
Robert Morris,Towson,W
UNC Asheville,Ohio,L
George Washington,Army,W
Delaware,Bryant,L
Southern Utah,Cal St. Bakersfield,W
Cal St. Northridge,Sacramento St.,W
Saint Joseph's,Charleston,L
Cincinnati,Villanova,L
Florida St.,Rice,W
George Mason,James Madison,W
American,Harvard,W
Grand Canyon,Hawaii,W
Tarleton St.,Hofstra,W
Winthrop,Little Rock,W
West Virginia,Massachusetts,W
Nebraska Omaha,Minnesota,L
Radford,Purdue Fort Wayne,W
Southern,Texas A&M,L
St. Bonaventure,Bucknell,W
UTSA,Arkansas,L
Cincinnati,Alabama St.,W
Bryant,Fordham,L
Virginia,Holy Cross,W
Missouri,Howard,W
Incarnate Word,Northern Arizona,L
Villanova,Lafayette,W
Morgan St.,Buffalo,L
Nevada,Loyola Marymount,L
North Texas,Oregon St.,W
TCU,Texas St.,W
Towson,UC Irvine,L
Clemson,Miami FL,W
East Carolina,FIU,W
Northeastern,La Salle,W
San Francisco,Loyola Chicago,W
Georgetown,Wagner,W
Weber St.,Nevada,L
Cal Baptist,Fresno St.,W
Temple,Florida St.,L
Harvard,Navy,L
Niagara,Detroit Mercy,L
Northern Arizona,Houston Christian,W
Purdue Fort Wayne,Robert Morris,W
UC San Diego,Toledo,W
Missouri St.,Boston College,L
Charleston Southern,Clemson,L
VMI,Charleston Southern,W
Cleveland St.,Valparaiso,W
East Carolina,Coastal Carolina,W
North Dakota St.,Illinois St.,L
Morehead St.,Cincinnati,L
Texas A&M Commerce,Houston Christian,L
UCF,Texas A&M,W
Abilene Christian,Texas St.,W
Missouri St.,UT Arlington,W
Pepperdine,Western Illinois,W
Tennessee St.,Bryant,L
Cal Poly,Saint Mary's,L
UC Riverside,Cal St. Fullerton,W
Central Connecticut,Rhode Island,L
Colorado St.,Washington,L
Columbia,Delaware St.,W
Cal Poly,Denver,W
Florida Atlantic,Oklahoma St.,W
Grand Canyon,Louisiana Tech,L
Idaho,Washington St.,L
Richmond,Maine,W
Miami OH,Siena,W
Duquesne,Milwaukee,L
Michigan St.,Monmouth,W
Mount St. Mary's,Howard,W
Wright St.,South Florida,L
Binghamton,Penn St.,L
Elon,Northern Illinois,W
Lipscomb,Jackson St.,W
Le Moyne,UT Rio Grande Valley,L
Northern Illinois,Monmouth,W
Monmouth,Princeton,L
Nebraska Omaha,Southern Utah,L
SIU Edwardsville,Illinois,L
VCU,New Mexico,L
Davidson,Charleston Southern,W
Davidson,Gonzaga,L
Georgia St.,Kennesaw St.,L
Southeastern Louisia,North Dakota,W
Florida Gulf Coast,St. Bonaventure,L
Western Illinois,Tennessee Tech,W
Texas A&M Corpus Chr,New Mexico,L
Toledo,Troy,L
Tulane,Bethune Cookman,W
Boston University,Dartmouth,W
Davidson,Temple,L
DePaul,Texas Tech,L
Butler,Eastern Illinois,W
Lehigh,Dayton,L
Loyola MD,Coppin St.,W
Loyola MD,Delaware St.,L
Saint Peter's,UMass Lowell,L
Grambling St.,Southeastern Louisia,L
St. Thomas,Wofford,L
Texas Southern,Georgia,L
Oregon St.,Utah Tech,W
South Florida,West Georgia,W
Air Force,California,L
Loyola Marymount,Belmont,W
Bethune Cookman,North Dakota,W
Idaho St.,San Diego,W
Lafayette,Cornell,L
Charlotte,LIU,L
Loyola Chicago,San Francisco,L
Maine,Duquesne,W
Navy,Maine,L
McNeese St.,Alabama,L
Michigan,Wisconsin,W
IU Indy,Northern Kentucky,L
Old Dominion,Radford,L
Tulsa,Southern,L
Wofford,Charleston,L
Air Force,Northern Colorado,L
Army,Le Moyne,W
Miami FL,Clemson,L
Coastal Carolina,East Carolina,L
Maine,Holy Cross,W
Houston Christian,Texas,L
UNC Greensboro,Long Beach St.,W
Virginia,Memphis,L
Virginia Tech,Michigan,L
Monmouth,Temple,L
Bucknell,Mount St. Mary's,L
Norfolk St.,Stanford,L
Gardner Webb,North Carolina Centr,L
Winthrop,North Carolina Centr,W
Cornell,Samford,W
South Dakota,Texas A&M Commerce,W
Merrimack,Vermont,W
Manhattan,Army,W
Samford,Austin Peay,W
Oregon St.,Cal St. Fullerton,W
Wisconsin,Chicago St.,W
San Francisco,Clemson,L
Marist,Dartmouth,W
Fairleigh Dickinson,Creighton,L
James Madison,George Mason,L
George Washington,Illinois St.,W
Providence,Green Bay,W
Mercer,Stetson,W
New Mexico St.,UNLV,L
Massachusetts,Northeastern,W
Ohio,Memphis,L
Belmont,Oral Roberts,W
Lamar,Sam Houston St.,L
South Carolina St.,USC Upstate,W
Montana St.,Southern Miss,W
Yale,Vermont,W
Syracuse,Colgate,W
Fairleigh Dickinson,Fairfield,L
Syracuse,Le Moyne,W
VCU,Loyola MD,W
Murray St.,Western Kentucky,L
Northern Colorado,Texas Tech,L
Portland,Long Beach St.,W
Texas A&M,Southern,W
Syracuse,Texas,L
Utah Valley,Samford,L
Texas,Connecticut,L
St. John's,Georgia,L
Holy Cross,Quinnipiac,W
Jacksonville St.,James Madison,L
Lafayette,Rhode Island,L
Morehead St.,Ohio,L
Buffalo,Morgan St.,W
UMBC,Morgan St.,W
NJIT,Seton Hall,L
Butler,North Dakota St.,L
North Texas,Minnesota,W
Furman,Princeton,W
Quinnipiac,Navy,W
Wichita St.,Saint Louis,W
Tulane,Southeastern Louisia,L
San Jose St.,UC Santa Barbara,L
UT Rio Grande Valley,Charleston Southern,W
Liberty,Florida Atlantic,L
Harvard,St. John's,L
Utah St.,Iowa,W
Liberty,Charleston,W
Saint Francis,Georgetown,L
Tennessee St.,Chattanooga,L
Tennessee Tech,Western Illinois,L
Cal Baptist,UC Riverside,L
UMKC,Portland,W
Detroit Mercy,Wright St.,L
Alabama A&M,Chattanooga,L
La Salle,American,W
Bethune Cookman,Texas Tech,L
Bucknell,Kentucky,L
Denver,Colorado St.,L
Towson,James Madison,W
Manhattan,Saint Peter's,W
Northeastern,Old Dominion,W
Oakland,Kansas,L
Cornell,Robert Morris,L
Dartmouth,Sacred Heart,W
South Florida,Wright St.,W
DePaul,Southern Indiana,W
Stonehill,Marquette,L
Gardner Webb,Southeastern Louisia,W
George Washington,Hampton,W
Nebraska Omaha,Lamar,W
Missouri,Lindenwood,W
Texas,Saint Joseph's,W
Stonehill,Texas A&M Commerce,W
Arkansas St.,UAB,W
Utah Tech,Denver,W
Northern Kentucky,Detroit Mercy,W
Creighton,Houston Christian,W
Maine,Brown,W
Milwaukee,Northern Iowa,L
Missouri St.,Butler,L
Rhode Island,Providence,W
Santa Clara,Stanford,L
VMI,Loyola MD,L
Western Michigan,Butler,L
Hawaii,Long Beach St.,L
LIU,Air Force,W
LSU,Pittsburgh,L
Marshall,Wright St.,L
McNeese St.,South Dakota St.,L
Georgia Southern,Northern Illinois,W
Sam Houston St.,Baylor,L
Sam Houston St.,Indiana,L
Tennessee Tech,West Georgia,W
Arkansas Pine Bluff,Texas Tech,L
Coastal Carolina,North Carolina A&T,W
Middle Tennessee,Evansville,W
Florida A&M,SMU,L
Illinois,Northwestern,L
Longwood,Maryland Eastern Sho,W
Merrimack,Stanford,L
Milwaukee,Southern Miss,L
Middle Tennessee,Murray St.,L
Georgetown,Notre Dame,L
Oregon,USC,W
Arkansas,UTSA,W
Arkansas St.,Rice,L
South Florida,Bethune Cookman,L
Notre Dame,Buffalo,W
Colgate,Harvard,L
Delaware St.,Mount St. Mary's,L
Maine,Elon,W
Stanford,Grand Canyon,L
Merrimack,UMass Lowell,L
Louisville,Mississippi,L
Samford,Cornell,L
UNC Asheville,Southeast Missouri S,W
USC Upstate,Western Carolina,W
Bethune Cookman,Minnesota,L
Fordham,Binghamton,W
Minnesota,Central Michigan,W
Syracuse,Cornell,W
Eastern Illinois,Northwestern,L
Holy Cross,Harvard,W
Northwestern,Illinois,W
Massachusetts,West Virginia,L
George Mason,North Carolina Centr,W
Texas A&M Commerce,Southern,W
UT Rio Grande Valley,Nebraska,L
Sam Houston St.,Appalachian St.,L
Cal Poly,Eastern Washington,W
Colgate,Syracuse,L
Eastern Kentucky,Pittsburgh,L
Illinois St.,George Washington,L
Kent St.,Auburn,L
UC San Diego,La Salle,W
Northern Iowa,St. Bonaventure,L
Charleston,South Florida,W
Chattanooga,Tennessee St.,W
Albany,Georgetown,L
SIU Edwardsville,Canisius,W
Massachusetts,Central Connecticut,L
Albany,Drexel,L
Drexel,Fairfield,W
Eastern Illinois,Illinois,L
Belmont,Gardner Webb,W
Georgia Southern,William & Mary,L
Duke,Incarnate Word,W
Binghamton,Longwood,L
Marshall,Bellarmine,W
Houston Christian,Louisiana Monroe,W
UNLV,Nebraska Omaha,W
North Texas,McNeese St.,L
Portland St.,San Diego,W
DePaul,Prairie View A&M,W
Niagara,Saint Francis,W
UMKC,Iowa St.,L
Southeast Missouri S,UMKC,W
Tennessee St.,UNC Asheville,L
USC Upstate,Iowa,L
Grand Canyon,Western Kentucky,W
Portland St.,Denver,L
Fordham,Penn St.,L
McNeese St.,Liberty,L
Louisiana Tech,Southern Illinois,W
Delaware St.,Loyola MD,W
Morgan St.,Bowling Green,L
Pacific,UNLV,L
Arkansas St.,Alabama,L
Central Michigan,Mississippi St.,L
Florida Gulf Coast,UNC Greensboro,L
UMBC,Hampton,L
Loyola Chicago,Princeton,W
Ohio,Middle Tennessee,L
Green Bay,St. Thomas,L
Tulsa,Missouri St.,L
Western Kentucky,Grand Canyon,L
Queens,Winthrop,L
Old Dominion,Buffalo,L
Campbell,Morgan St.,L
Ball St.,Indiana St.,L
Jacksonville,Furman,L
Louisiana Tech,Richmond,W
New Orleans,Baylor,L
North Carolina Centr,William & Mary,W
Portland,Oregon,L
Prairie View A&M,SMU,L
USC Upstate,Queens,L
South Dakota,Northern Arizona,L
Boise St.,Texas Southern,W
UC Irvine,Loyola Marymount,W
VMI,Bellarmine,W
Appalachian St.,UNC Wilmington,L
Georgia Southern,VCU,L
Princeton,Loyola Chicago,L
Monmouth,Wichita St.,L
North Alabama,Samford,L
Virginia Tech,South Carolina,L
Utah Valley,West Georgia,W
Arkansas St.,Hofstra,L
Ball St.,Richmond,L
Boston University,UMBC,W
Texas St.,Bradley,L
San Francisco,Chicago St.,W
Rice,FIU,W
Liberty,Seattle,W
UTSA,North Dakota,W
Providence,Rhode Island,L
Temple,Sacred Heart,W
Stetson,Toledo,L
Texas A&M,UCF,L
Wright St.,Toledo,L
Eastern Michigan,Northern Arizona,W
George Mason,East Carolina,L
Georgia Tech,Georgia,L
Lafayette,LIU,W
Sacred Heart,Temple,L
Indiana St.,SIU Edwardsville,L
Montana,South Dakota St.,W
Loyola Chicago,South Florida,W
UNC Greensboro,North Florida,L
N.C. State,William & Mary,W
Niagara,Binghamton,W
Bucknell,Delaware,W
Jackson St.,Saint Louis,L
James Madison,Norfolk St.,L
Maryland Eastern Sho,Murray St.,L
Virginia Tech,Pittsburgh,L
Queens,East Tennessee St.,L
Texas Southern,New Mexico,L
VMI,George Washington,L
Youngstown St.,Robert Morris,W
North Carolina,Alabama,L
Long Beach St.,Fresno St.,L
Gardner Webb,Belmont,L
Georgia Southern,North Carolina Centr,W
Hofstra,Florida St.,L
Longwood,Binghamton,W
Richmond,Louisiana Tech,L
Little Rock,Maryland Eastern Sho,W
Princeton,Furman,L
Seton Hall,VCU,W
George Mason,Marquette,L
Valparaiso,Liberty,L
Lipscomb,Alabama A&M,W
North Carolina A&T,Hampton,L
Duquesne,Saint Peter's,L
South Carolina,Xavier,L
UC Davis,Idaho,W
UC Davis,Oregon St.,L
UT Arlington,Missouri St.,L
Air Force,Miami OH,L
Akron,Arkansas St.,L
Wichita St.,Alcorn St.,W
Binghamton,Central Connecticut,L
Iowa,Washington St.,W
Louisiana Monroe,Northwestern St.,W
Kansas St.,LSU,L
Mercyhurst,Morgan St.,W
Nebraska Omaha,UNLV,L
New Orleans,Nicholls St.,L
Northern Kentucky,Norfolk St.,W
William & Mary,North Carolina Centr,L
North Texas,High Point,L
Robert Morris,Delaware,L
Penn St.,Saint Francis,W
Bethune Cookman,South Carolina St.,W
Tennessee Martin,North Alabama,L
Virginia Tech,Vanderbilt,L
Youngstown St.,Chicago St.,W
Albany,Sacred Heart,W
Boston University,Howard,W
Fairfield,Central Connecticut,L
Loyola MD,Columbia,L
Georgia St.,Mississippi St.,L
Lamar,Southern Miss,W
NJIT,George Washington,L
Old Dominion,Northeastern,L
Rice,Alcorn St.,W
South Dakota St.,Eastern Washington,W
Fairfield,Fairleigh Dickinson,W
George Washington,Kansas St.,L
George Washington,Mercyhurst,W
Bradley,San Francisco,W
Evansville,Western Kentucky,L
Arkansas Pine Bluff,Kansas St.,L
Radford,Bucknell,W
Pepperdine,Cal St. Fullerton,L
Columbia,Loyola MD,W
American,George Washington,W
UC Irvine,Kennesaw St.,W
Miami OH,Vermont,L
Penn,Navy,L
Southeastern Louisia,UAB,L
Virginia,St. John's,L
Drexel,Bryant,L
Valparaiso,Cleveland St.,L
Detroit Mercy,Ball St.,W
Murray St.,Indiana St.,L
Lafayette,Binghamton,L
Ohio St.,Evansville,W
Marist,Harvard,L
Princeton,Monmouth,W
Longwood,Morgan St.,W
Southern Illinois,North Dakota St.,W
LSU,Northwestern St.,W
Radford,Utah,L
Albany,Siena,W
Tennessee Martin,Charleston Southern,L
Houston,Toledo,W
UNC Greensboro,SMU,L
Cincinnati,Xavier,W
Pacific,Arkansas Pine Bluff,W
San Francisco,Cal Poly,W
Cal St. Fullerton,UC Riverside,L
Le Moyne,Cal St. Northridge,L
Michigan St.,Kansas,L
Stetson,Mercer,L
North Dakota,UTSA,L
Troy,New Orleans,W
Utah,Utah Tech,W
Rider,Delaware,L
Rice,Florida St.,L
Grambling St.,Mississippi,L
Marist,Lehigh,L
North Carolina A&T,Morgan St.,W
Navy,Saint Joseph's,L
Bucknell,Maryland,L
Incarnate Word,South Alabama,L
Howard,Mount St. Mary's,L
Southeastern Louisia,Louisiana Monroe,W
UT Rio Grande Valley,Stephen F. Austin,W
Xavier,Texas Southern,W
UC Riverside,Cal Baptist,W
Canisius,Robert Morris,L
Dartmouth,New Hampshire,W
Northwestern,Eastern Illinois,W
Eastern Michigan,Cleveland St.,L
Illinois,Maryland Eastern Sho,W
Nebraska Omaha,Montana St.,L
Notre Dame,North Dakota,W
Colorado,Northern Colorado,W
Washington,UC Davis,W
UC Riverside,Idaho,L
Saint Joseph's,Central Connecticut,L
UMKC,Idaho,L
Jacksonville,Florida,L
Nicholls St.,New Orleans,W
Hampton,North Carolina A&T,W
Colorado,Pacific,W
Pittsburgh,Virginia Tech,W
Louisiana,Rice,L
UMBC,Saint Peter's,L
South Carolina St.,Xavier,L
Southern Utah,San Diego,W
Tarleton St.,UTEP,L
Nicholls St.,Towson,L
Delaware St.,Texas,L
Seton Hall,Florida Atlantic,W
Louisiana,George Washington,L
Loyola MD,NJIT,W
Pacific,Hawaii,L
Northwestern,Pepperdine,W
St. Bonaventure,Siena,W
Stetson,Oklahoma,L
Incarnate Word,Texas A&M Commerce,W
UC Irvine,Towson,W
UC Santa Barbara,UC Davis,L
Albany,American,L
Butler,Austin Peay,L
Canisius,Loyola Chicago,L
Detroit Mercy,Loyola Chicago,L
Arizona,Duke,L
Colorado St.,North Dakota,W
Purdue,Marquette,L
Duke,Seattle,W
Louisiana Tech,Southern,L
Notre Dame,Syracuse,W
Washington,UMass Lowell,W
Boston University,Wagner,L
Dartmouth,Albany,L
South Alabama,Alcorn St.,W
Mercer,Chicago St.,W
Idaho,UC Davis,L
Pacific,Illinois St.,L
Portland,Kent St.,L
New Mexico St.,Southern Utah,W
Northern Iowa,UC Irvine,L
Weber St.,Bowling Green,W
Colorado St.,Denver,W
Tulane,Florida St.,L
James Madison,Towson,L
Chattanooga,Lipscomb,L
Miami OH,Mercer,W
Kansas St.,Mississippi Valley S,W
Siena,Canisius,W
Wagner,Maryland Eastern Sho,W
Weber St.,Hawaii,L
TCU,Alcorn St.,W
Siena,Brown,W
Austin Peay,Chattanooga,W
Cornell,Syracuse,L
Wake Forest,Florida,L
Rice,Iona,W
Kennesaw St.,Towson,W
Southern Miss,Milwaukee,W
Ohio,Marshall,L
USC,Oregon,L
Central Michigan,Stony Brook,L
UMKC,Montana St.,L
UAB,Vermont,L
Arizona,UCLA,L
Loyola Chicago,Chicago St.,W
Houston Christian,Eastern Michigan,L
La Salle,Fairleigh Dickinson,W
Stetson,FIU,L
Kansas,Creighton,L
Loyola MD,Boston College,L
Presbyterian,Youngstown St.,W
Cal Poly,Seattle,W
Stonehill,UMass Lowell,L
San Diego St.,UC San Diego,W
Winthrop,William & Mary,W
Denver,Cal St. Fullerton,L
Fairleigh Dickinson,Miami FL,L
Fresno St.,BYU,L
Iona,Tarleton St.,W
Louisiana Tech,Louisiana,W
Mercyhurst,George Washington,L
Oklahoma St.,Tulsa,W
Quinnipiac,UMass Lowell,L
Syracuse,Notre Dame,L
TCU,Michigan,L
Nevada,Washington,W
Brown,Siena,L
FIU,Cal St. Bakersfield,W
Canisius,Arizona,L
Loyola Chicago,Canisius,W
Coastal Carolina,Alabama A&M,L
Cleveland St.,Eastern Michigan,W
LIU,Missouri,L
Southern Illinois,Louisiana Tech,L
Maryland Eastern Sho,Vanderbilt,L
Middle Tennessee,Ohio,W
Fresno St.,San Diego,W
Stetson,South Florida,L
UNC Wilmington,East Carolina,W
USC Upstate,N.C. State,L
Alcorn St.,Maryland,L
Cal Poly,California,L
Canisius,Western Michigan,L
South Alabama,Central Michigan,L
Drexel,Temple,L
Florida Atlantic,Seton Hall,L
Cal St. Bakersfield,Fresno St.,W
Georgia St.,Auburn,L
Harvard,New Hampshire,W
Iona,Rice,L
Kent St.,Louisiana,W
Chattanooga,Morehead St.,W
Detroit Mercy,Niagara,W
The Citadel,North Carolina A&T,L
Bellarmine,Southern Indiana,L
Southern Utah,Arizona,L
Colorado St.,Tennessee St.,W
Bucknell,Southern Indiana,W
George Mason,Central Michigan,L
Florida A&M,TCU,L
Drake,Florida Gulf Coast,W
Louisiana Monroe,North Alabama,L
Wichita St.,Minnesota,W
Stetson,Nebraska Omaha,L
St. John's,Wagner,W
Wyoming,South Dakota,L
Army,George Washington,L
Lafayette,George Washington,L
San Francisco,Memphis,L
Mercyhurst,Columbia,L
NJIT,Villanova,L
Northwestern St.,Houston Christian,W
Milwaukee,St. Thomas,W
Alabama St.,LSU,L
Morehead St.,Austin Peay,W
Cal St. Bakersfield,California,L
Portland,Cal St. Bakersfield,L
Denver,Portland,L
Fordham,Fairleigh Dickinson,W
Furman,Charleston Southern,W
Loyola MD,VCU,L
Brown,Maine,L
VCU,Seton Hall,L
Massachusetts,UMass Lowell,L
Ball St.,Dayton,L
Bowling Green,Weber St.,L
NJIT,Massachusetts,L
St. Thomas,Oklahoma St.,L
Tennessee Tech,West Georgia,L
UC San Diego,San Diego St.,L
Montana,Utah Tech,W
UTSA,Bradley,L
Southern Miss,Alabama St.,W
Wake Forest,Detroit Mercy,W
Gardner Webb,Wofford,L
Winthrop,Georgia Southern,L
Cal St. Fullerton,Idaho St.,W
Wagner,Manhattan,L
South Florida,Portland,W
Sacramento St.,UC Davis,L
Southern Miss,Bowling Green,W
Dartmouth,Notre Dame,L
Drexel,Howard,W
Massachusetts,Hofstra,L
Dartmouth,Le Moyne,L
Norfolk St.,Northern Kentucky,L
Southern Miss,UAB,L
High Point,UAB,W
South Carolina,USC Upstate,W
Georgia St.,Ball St.,W
Cal St. Fullerton,Oregon St.,L
USC,California,L
La Salle,UC San Diego,L
North Dakota,Southeastern Louisia,L
North Texas,Utah St.,L
Virginia Tech,Jacksonville,L
Lindenwood,Mississippi,L
Maine,Richmond,L
South Carolina St.,South Carolina,L
Western Kentucky,Kentucky,L
Bethune Cookman,West Virginia,L
LIU,Columbia,L
Hampton,Duquesne,W
TCU,Florida Gulf Coast,W
Indiana St.,Southern Indiana,L
Longwood,Kansas St.,L
Robert Morris,Lindenwood,W
Valparaiso,Lindenwood,W
Morgan St.,Mercyhurst,L
UAB,Middle Tennessee,L
LIU,Mount St. Mary's,L
New Mexico St.,Dayton,L
Merrimack,Princeton,L
Saint Louis,San Francisco,L
Marshall,Toledo,L
UNC Asheville,Central Arkansas,L
Maryland Eastern Sho,Wagner,L
Stephen F. Austin,Youngstown St.,W
Arkansas St.,Akron,W
Southeast Missouri S,Chattanooga,L
Furman,Kansas,L
Furman,Seattle,W
Towson,Kent St.,L
Merrimack,Rutgers,L
Iowa St.,Mississippi Valley S,W
Texas A&M Commerce,Iowa,L
Texas A&M Corpus Chr,Hawaii,L
Tulane,Wyoming,L
Wake Forest,Xavier,L
Delaware,Bucknell,L
Fairleigh Dickinson,Fordham,L
Green Bay,UC Santa Barbara,L
UC Davis,Idaho,W
Iowa,Utah St.,L
UC San Diego,Sacramento St.,W
Saint Francis,Niagara,L
Boston University,San Diego,L
Eastern Michigan,IU Indy,W
Eastern Washington,Cal Baptist,L
Southern Utah,FIU,W
Mercyhurst,Kent St.,L
Stony Brook,Norfolk St.,L
North Carolina Centr,High Point,L
Northern Kentucky,Charleston,L
UMass Lowell,Central Connecticut,L
Tulane,Belmont,L
Cal St. Fullerton,Stanford,L
Tulsa,Georgia St.,L
Florida St.,Northern Kentucky,W
Oklahoma,Northwestern St.,W
Rider,San Diego,W
Appalachian St.,Sam Houston St.,W
North Dakota,Bethune Cookman,L
Howard,Drexel,L
Oakland,Eastern Michigan,L
Fordham,St. John's,L
North Carolina Centr,Georgia Southern,L
Green Bay,Evansville,L
Nicholls St.,South Alabama,L
Utah Tech,Montana,L
Central Michigan,Valparaiso,L
Duquesne,Princeton,L
Murray St.,Evansville,W
La Salle,North Carolina,L
Stephen F. Austin,Monmouth,W
Notre Dame,Georgia,L
Louisville,Tennessee,L
UC Davis,Sacramento St.,W
Georgetown,UMBC,W
UCLA,Arizona,W
Boston College,Boise St.,W
Idaho St.,Cal St. Fullerton,L
Jacksonville,Georgia,L
Long Beach St.,San Francisco,L
Xavier,South Carolina St.,W
Louisiana,Southeastern Louisia,W
UCF,Tarleton St.,W
Middle Tennessee,Cal Baptist,W
Creighton,Georgetown,L
Vermont,Fairfield,L
Fordham,Seton Hall,W
Little Rock,Illinois Chicago,L
Incarnate Word,Duke,L
Queens,Utah,L
Brown,Rhode Island,W
Houston Christian,Rice,L
Stephen F. Austin,Drake,L
Tarleton St.,Oklahoma St.,L
Delaware St.,Delaware,L
Tulsa,Little Rock,L
Illinois Chicago,Northern Iowa,L
Denver,Stanford,L
Minnesota,Nebraska Omaha,W
Northern Kentucky,IU Indy,W
UNC Greensboro,North Carolina A&T,W
American,North Carolina,L
UCF,Cal Baptist,W
Maine,Navy,W
Morgan St.,Longwood,L
Rider,UCLA,L
Southern Utah,UT Rio Grande Valley,L
South Florida,Stetson,W
Utah Tech,Wyoming,L
Ball St.,Georgia St.,L
N.C. State,BYU,L
Coppin St.,N.C. State,L
Duquesne,South Dakota St.,L
Elon,Navy,W
UC Santa Barbara,Green Bay,W
IU Indy,South Carolina St.,L
South Carolina,North Florida,L
Saint Peter's,Iona,L
Arkansas Pine Bluff,Louisiana Monroe,L
Central Arkansas,Western Illinois,L
Charleston Southern,Georgia Tech,L
Stetson,East Carolina,L
Virginia Tech,Penn St.,L
Saint Louis,Quinnipiac,W
Sacred Heart,Dartmouth,L
Tennessee Martin,Longwood,L
Utah Valley,James Madison,L
Green Bay,Milwaukee,L
North Carolina A&T,Buffalo,L
UNC Greensboro,UTEP,L
Campbell,Ohio St.,L
Massachusetts,Florida St.,L
Duquesne,Lipscomb,L
Maine,Penn,L
Robert Morris,Ohio,L
San Diego,Fresno St.,L
Wyoming,Southeastern Louisia,W
The Citadel,Stetson,W
Temple,La Salle,L
Pacific,Cal St. Fullerton,W
Central Arkansas,Arkansas Pine Bluff,L
Marquette,Central Michigan,W
Temple,Davidson,W
Loyola Marymount,Prairie View A&M,W
Saint Francis,Clemson,L
Saint Joseph's,Texas,L
Utah,Saint Mary's,L
San Diego St.,San Diego,W
Central Arkansas,The Citadel,W
West Georgia,Samford,L
Minnesota,North Texas,L
Northern Illinois,Bradley,L
Illinois,Oakland,W
Western Michigan,South Dakota,L
UC Riverside,Cal St. Northridge,W
Utah Valley,North Dakota,L
Seton Hall,Wagner,W
Wright St.,Kentucky,L
Central Arkansas,Arkansas,L
Longwood,North Carolina Centr,L
Rhode Island,Brown,L
Stonehill,Notre Dame,L
Providence,Stonehill,W
West Georgia,Mississippi St.,L
Southern Indiana,Bucknell,L
Cal St. Northridge,Montana,L
Central Connecticut,Providence,L
LSU,SMU,L
Morgan St.,North Carolina A&T,L
New Hampshire,Sacred Heart,L
Idaho St.,Oral Roberts,W
VMI,Davidson,L
Cal St. Bakersfield,Southern Utah,L
Chattanooga,Austin Peay,L
Evansville,Chattanooga,L
Fairleigh Dickinson,Nebraska,L
SIU Edwardsville,North Florida,L
Radford,Pittsburgh,L
Arkansas Pine Bluff,Incarnate Word,L
Arkansas Pine Bluff,South Florida,L
Austin Peay,Georgia St.,W
Bellarmine,Marshall,L
Campbell,Green Bay,W
Eastern Washington,Colorado,L
Florida A&M,Florida,L
Hawaii,Grand Canyon,L
Lafayette,Villanova,L
Portland,South Florida,L
Rider,Bucknell,W
Seattle,Cal Poly,L
Temple,Hofstra,W
Utah Valley,Jacksonville St.,L
Hawaii,Weber St.,W
Western Illinois,Pepperdine,L
Akron,Milwaukee,L
Wake Forest,Minnesota,W
Minnesota,Wichita St.,L
Weber St.,Pepperdine,W
Tennessee Tech,VMI,W
St. Bonaventure,Buffalo,W
Cal Baptist,Middle Tennessee,L
North Carolina A&T,Coastal Carolina,L
N.C. State,Colgate,W
Denver,Montana,L
Lindenwood,New Orleans,L
Maryland Eastern Sho,Old Dominion,L
Santa Clara,Nevada,L
Wagner,Boston University,W
Miami OH,Wright St.,L
Bryant,Stonehill,L
TCU,Colorado St.,L
Florida Gulf Coast,TCU,L
Fresno St.,Washington St.,L
Grambling St.,Florida,L
Nebraska Omaha,Northern Iowa,L
UCF,Purdue Fort Wayne,W
Mississippi,South Alabama,W
South Alabama,TCU,L
Alabama A&M,South Carolina St.,L
Southern Utah,New Mexico St.,L
Utah Tech,Oregon St.,L
Le Moyne,Army,L
Cleveland St.,Kansas St.,L
Oklahoma St.,Florida Atlantic,L
Tarleton St.,Indiana St.,L
Buffalo,North Carolina A&T,W
Prairie View A&M,UAB,L
Providence,DePaul,W
Louisiana Monroe,Southeastern Louisia,L
Stony Brook,George Mason,L
Tennessee St.,Wyoming,L
UC Davis,Washington,L
Abilene Christian,Baylor,L
Binghamton,LIU,W
Indiana,Louisville,L
Pacific,Missouri,L
Florida St.,Tarleton St.,W
Colorado St.,UC Riverside,L
Loyola MD,VMI,W
Charleston Southern,UT Rio Grande Valley,L
UNC Wilmington,Colgate,L
UC Santa Barbara,Eastern Washington,W
Gardner Webb,Pittsburgh,L
Loyola Marymount,Saint Louis,L
Western Kentucky,Murray St.,W
Nicholls St.,Northern Kentucky,W
North Carolina Centr,George Mason,L
Northwestern St.,Oklahoma,L
Charlotte,Richmond,W
Jacksonville,South Carolina St.,W
Southeast Missouri S,Murray St.,L
Arizona St.,Florida,L
Montana St.,Cal St. Northridge,L
FIU,East Carolina,L
FIU,Rice,L
Jackson St.,High Point,L
Manhattan,Le Moyne,L
Eastern Illinois,Northern Illinois,W
Vermont,Colgate,L
Louisiana Monroe,Arkansas Pine Bluff,W
Eastern Michigan,Loyola Chicago,L
Kent St.,Kennesaw St.,W
UTEP,Long Beach St.,W
Navy,NJIT,L
Northern Arizona,Pacific,W
Western Illinois,Northern Iowa,L
Howard,Boston University,L
Stonehill,Bryant,W
Cal St. Northridge,Montana St.,W
Central Connecticut,Fairfield,W
Chicago St.,Saint Louis,L
Florida Gulf Coast,FIU,W
Hofstra,Tarleton St.,L
Washington St.,Iowa,L
Drexel,La Salle,L
Lamar,Texas A&M Corpus Chr,W
LIU,Winthrop,L
Saint Joseph's,Princeton,L
Coastal Carolina,USC Upstate,W
Utah Tech,Utah St.,L
Youngstown St.,Stephen F. Austin,L
Western Illinois,Green Bay,L
Louisiana Monroe,UT Arlington,L
Delaware St.,NJIT,W
Presbyterian,Kennesaw St.,L
Boston College,The Citadel,W
Utah Valley,Idaho St.,W
Louisville,Winthrop,W
Alabama St.,Cincinnati,L
Austin Peay,UT Arlington,L
Buffalo,St. Bonaventure,L
Northeastern,Cal St. Bakersfield,L
N.C. State,Coppin St.,W
Hampton,Providence,L
Little Rock,Arkansas,L
Mercer,South Alabama,L
New Hampshire,Massachusetts,L
Mercer,Miami OH,L
Miami OH,Indiana,L
North Dakota,Utah Valley,L
Northeastern,Vermont,L
Austin Peay,Morehead St.,L
Virginia,Bethune Cookman,W
Eastern Illinois,Indiana,L
Drake,Georgia Southern,W
Maryland,Manhattan,W
South Dakota St.,Northern Colorado,L
Southern,Texas A&M Commerce,L
UMKC,Albany,L
California,Vanderbilt,L
Fairfield,Georgetown,L
Niagara,LIU,W
Merrimack,UTSA,L
NJIT,Morgan St.,L
Rutgers,Kennesaw St.,L
Grand Canyon,UC Davis,L
Louisiana Monroe,UT Arlington,L
UMBC,Boston University,L
Coppin St.,George Mason,L
Delaware,Iona,W
Howard,Missouri,L
UNLV,Mississippi St.,L
Tulane,New Orleans,L
VCU,Penn,W
The Citadel,Central Arkansas,L
Idaho,UC San Diego,L
Central Connecticut,UMass Lowell,W
Ohio St.,Auburn,L
Evansville,Campbell,W
Coastal Carolina,Campbell,W
East Carolina,Stetson,W
George Mason,Duke,L
Kennesaw St.,Kent St.,L
Saint Peter's,Seton Hall,L
Cal Baptist,UCF,L
New Mexico,Grambling St.,W
Louisiana,Louisiana Tech,L
Navy,Quinnipiac,L
Southeast Missouri S,UNC Asheville,L
Vermont,Brown,L
Western Illinois,Central Arkansas,W
Columbia,Albany,L
Southeastern Louisia,Gardner Webb,L
Robert Morris,New Orleans,W
North Carolina A&T,Virginia Tech,L
Pittsburgh,Mississippi St.,L
Richmond,Bucknell,L
Texas Southern,Texas St.,L
Wyoming,Tulane,W
Boise St.,Washington St.,L
Fairfield,New Hampshire,W
Fresno St.,Long Beach St.,W
Minnesota,Wake Forest,L
Western Illinois,San Jose St.,W
Arkansas Pine Bluff,Cincinnati,L
Evansville,Murray St.,L
Georgia Tech,North Carolina,L
Georgia Tech,Northwestern,L
South Carolina St.,IU Indy,W
Massachusetts,Louisiana Tech,L
Maine,Fordham,L
Northeastern,Florida Gulf Coast,W
Robert Morris,Purdue Fort Wayne,L
Seton Hall,Vanderbilt,L
Southern Indiana,Bellarmine,W
Texas A&M,Wake Forest,W
Winthrop,Florida St.,L
Navy,Campbell,L
Seattle,Furman,L
Georgia St.,Jacksonville St.,L
Le Moyne,Connecticut,L
Marshall,UNC Wilmington,L
Old Dominion,Maryland Eastern Sho,W
Creighton,Nebraska,L
North Alabama,Northwestern St.,L
Le Moyne,Binghamton,L
Towson,Kennesaw St.,L
Southern Miss,Lamar,L
Oklahoma St.,Oklahoma,L
Radford,North Carolina Centr,W
Southern,South Dakota,L
St. Thomas,Milwaukee,L
Stephen F. Austin,Oregon,L
Cal St. Bakersfield,Florida Gulf Coast,L
The Citadel,Campbell,L
Harvard,Holy Cross,L
LIU,Mississippi,L
New Orleans,Iowa,L
Appalachian St.,Queens,W
Arkansas St.,Stephen F. Austin,W
Air Force,Stony Brook,W
Appalachian St.,Wisconsin,L
East Tennessee St.,James Madison,L
Texas St.,Eastern Michigan,W
Elon,Maine,L
Fairleigh Dickinson,Army,L
Hofstra,Rice,W
Coppin St.,Loyola MD,L
Abilene Christian,Texas A&M Commerce,L
Binghamton,Niagara,L
Fairfield,Drexel,L
Jackson St.,Iowa St.,L
Texas A&M Corpus Chr,Lamar,L
Texas A&M Commerce,Oklahoma,L
Bucknell,Radford,L
Jackson St.,Arkansas St.,L
Louisiana Monroe,LSU,L
Oral Roberts,Minnesota,L
Sacramento St.,Air Force,W
South Carolina St.,Jacksonville,L
South Florida,Charleston,L
UAB,High Point,L
American,UMKC,W
Ball St.,Eastern Kentucky,W
Eastern Washington,Cal Poly,L
FIU,Northeastern,L
Fresno St.,Santa Clara,L
Massachusetts,Harvard,W
Austin Peay,Southern Illinois,L
UC Davis,Stanford,L
West Virginia,Pittsburgh,L
Radford,Chicago St.,W
Coppin St.,Miami FL,L
Illinois Chicago,East Carolina,L
Lipscomb,Arkansas,L
NJIT,Navy,W
New Hampshire,Connecticut,L
Pacific,Portland St.,L
Southeast Missouri S,Central Arkansas,W
Oklahoma St.,Tarleton St.,W
Tennessee Tech,North Alabama,L
UC Riverside,Alcorn St.,W
Chicago St.,St. Thomas,L
Georgia Tech,Cincinnati,L
Northeastern,FIU,W
FIU,Southern Utah,L
Quinnipiac,Holy Cross,L
UT Arlington,Murray St.,L
Central Arkansas,Southeast Missouri S,L
Nicholls St.,Southeastern Louisia,W
Texas A&M Commerce,South Dakota,L
Utah Tech,Portland St.,L
LIU,Binghamton,L
Detroit Mercy,Northern Kentucky,L
North Carolina Centr,Radford,L
Arkansas,Troy,W
Iona,Vermont,W
Western Michigan,North Dakota St.,L
American,Saint Joseph's,L
High Point,Appalachian St.,W
Cal St. Fullerton,Colorado,L
Coppin St.,Wagner,L
FIU,Howard,L
Kansas,Missouri,L
Lamar,Akron,L
East Carolina,North Alabama,L
Loyola Marymount,North Dakota,L
Bowling Green,Bellarmine,L
Central Connecticut,Northeastern,L
Montana St.,Denver,L
SIU Edwardsville,Indiana,L
UC Riverside,Santa Clara,L
Wichita St.,UMKC,L
Army,Albany,W
Bethune Cookman,Purdue Fort Wayne,L
Providence,Central Connecticut,W
Eastern Illinois,Eastern Kentucky,L
La Salle,Northeastern,L
Sam Houston St.,UNC Wilmington,L
Portland,UMKC,L
Binghamton,Miami FL,L
Bucknell,Siena,L
Charleston Southern,South Carolina St.,L
Creighton,San Diego St.,L
Delaware St.,Providence,L
IU Indy,Eastern Michigan,L
Bellarmine,VMI,L
St. Bonaventure,Cal St. Northridge,W
Robert Morris,Canisius,W
IU Indy,Lindenwood,L
Southeastern Louisia,Mississippi St.,L
Cal St. Bakersfield,UC San Diego,L
Southern Illinois,Eastern Kentucky,L
Florida A&M,Utah,L
Long Beach St.,Portland,L
LSU,Alabama St.,W
Colorado,Eastern Washington,W
Duquesne,Maine,L
Monmouth,Youngstown St.,L
Radford,Clemson,L
San Francisco,Bradley,L
Southeast Missouri S,Lipscomb,L
UC Santa Barbara,Loyola Marymount,L
American,La Salle,L
Binghamton,Fordham,L
Green Bay,Cleveland St.,L
Hofstra,Seton Hall,W
Wichita St.,Monmouth,W
Morgan St.,Xavier,L
New Mexico St.,Pepperdine,L
North Dakota,Notre Dame,L
Sacramento St.,UC San Diego,L
Texas A&M Commerce,Abilene Christian,W
Eastern Illinois,Butler,L
High Point,Missouri St.,L
Rice,Louisiana Monroe,W
Saint Peter's,Manhattan,L
UNC Greensboro,San Jose St.,L
UMass Lowell,LIU,W
Mercyhurst,Binghamton,L
Mississippi Valley S,Kansas St.,L
Houston Christian,Northwestern St.,L
Air Force,Sacramento St.,L
Texas A&M Commerce,Texas A&M,L
UNC Asheville,George Mason,L
Boise St.,Boston College,L
Towson,Duquesne,L
Fordham,Manhattan,L
Memphis,Arkansas St.,L
Lindenwood,Missouri,L
Maryland Eastern Sho,Little Rock,L
NJIT,Bucknell,L
Saint Francis,Campbell,W
Stephen F. Austin,UT Rio Grande Valley,L
Chicago St.,Indiana St.,L
Evansville,Middle Tennessee,L
Norfolk St.,William & Mary,L
Northwestern St.,LSU,L
Rice,Houston Christian,W
UCF,Wisconsin,L
Nebraska Omaha,Alabama St.,L
Sacred Heart,Albany,L
Jacksonville St.,Georgia St.,W
Siena,Jacksonville,L
Coastal Carolina,Western Michigan,W
Holy Cross,Central Connecticut,L
Lipscomb,Western Kentucky,L
Southern,Mississippi,L
The Citadel,Vanderbilt,L
Abilene Christian,Montana St.,L
North Carolina,Georgia Tech,W
Providence,Hampton,W
VCU,Merrimack,W
Longwood,Milwaukee,W
Cleveland St.,Morehead St.,L
Siena,Xavier,L
Stony Brook,Columbia,L
Washington,USC,L
Arkansas Pine Bluff,Missouri,L
Colorado,Michigan St.,L
Coppin St.,UMBC,L
Lindenwood,Oklahoma,L
San Jose St.,Pacific,L
Pepperdine,UNLV,L
Fresno St.,San Diego St.,L
Southern Indiana,Marshall,L
Southern Miss,South Dakota St.,L
Vermont,Iona,L
UCLA,Boston University,W
Brown,Holy Cross,L
Nebraska Omaha,Iowa St.,L
Southeast Missouri S,Bradley,L
Alabama St.,Southern Miss,L
Elon,East Tennessee St.,L
New Hampshire,Harvard,L
Cal St. Fullerton,UCLA,L
Tulsa,Detroit Mercy,W
Detroit Mercy,Wake Forest,L
FIU,Florida Gulf Coast,L
Mount St. Mary's,Saint Francis,W
UNC Greensboro,Indiana,L
Bowling Green,New Mexico St.,W
Central Michigan,Marquette,L
Utah Tech,New Mexico St.,L
Troy,Oregon,L
Virginia,SMU,L
The Citadel,Charleston,L
Jackson St.,Western Kentucky,L
Nebraska,Michigan St.,L
West Georgia,North Dakota St.,L
Saint Francis,Penn St.,L
Troy,Houston,L
UTSA,Little Rock,L
Queens,Mercer,W
Monmouth,Presbyterian,L
Florida Gulf Coast,Northeastern,L
Northeastern,Massachusetts,L
DePaul,Providence,L
TCU,South Alabama,W
Austin Peay,East Tennessee St.,L
Southern Illinois,Bradley,L
Coppin St.,Saint Joseph's,L
Virginia,Coppin St.,W
Northern Arizona,Eastern Michigan,L
Western Kentucky,Lipscomb,W
Virginia,Tennessee,L
Cal St. Northridge,UC Riverside,L
UNC Asheville,Alabama,L
Charleston Southern,VMI,L
Toledo,Oakland,L
Western Carolina,Marquette,L
Chicago St.,Youngstown St.,L
Colgate,Appalachian St.,L
Bethune Cookman,Virginia,L
Delaware St.,Virginia Tech,L
Appalachian St.,Miami OH,L
Quinnipiac,Yale,L
Canisius,Siena,L
Tarleton St.,SMU,L
Howard,Kansas,L
Mississippi Valley S,Texas,L
Monmouth,Michigan St.,L
Monmouth,Northern Illinois,L
Oakland,Illinois,L
San Diego,Arizona St.,L
Bowling Green,Southern Miss,L
Wake Forest,North Carolina A&T,W
Bucknell,Richmond,W
Boston University,Sacred Heart,L
Siena,Albany,L
Central Arkansas,Utah,L
Eastern Illinois,Valparaiso,L
North Carolina A&T,Wake Forest,L
Northern Illinois,Northern Iowa,L
Oakland,Youngstown St.,L
Princeton,Wright St.,L
San Diego,Rider,L
Saint Louis,Wichita St.,L
Cal Poly,UC Davis,L
Chicago St.,Mercer,L
George Washington,American,L
Mount St. Mary's,Loyola MD,L
Nicholls St.,Cincinnati,L
Cal Baptist,Northern Colorado,L
Robert Morris,West Virginia,L
North Carolina A&T,UNC Greensboro,L
Utah Valley,Stanford,L
Charlotte,East Tennessee St.,L
Navy,Elon,L
Mississippi,Grambling St.,W
Oregon,Portland,W
Saint Francis,Dayton,L
South Alabama,Mississippi,L
Southeastern Louisia,Louisiana,L
Detroit Mercy,Toledo,L
West Georgia,Tennessee Tech,L
Seton Hall,Saint Peter's,W
IU Indy,Coastal Carolina,L
Providence,Davidson,L
Louisiana Monroe,Houston Christian,L
Northwestern St.,Louisiana Monroe,L
San Diego,San Diego St.,L
South Carolina St.,Bethune Cookman,L
South Alabama,Western Illinois,L
Virginia Tech,Winthrop,W
Lindenwood,Robert Morris,L
Mississippi Valley S,Liberty,L
Youngstown St.,Monmouth,W
Tennessee Tech,Vanderbilt,L
The Citadel,Boston College,L
Wofford,Elon,L
Tennessee St.,Alabama A&M,W
Alabama A&M,UAB,L
Georgetown,Fairfield,W
Idaho,San Diego,L
Le Moyne,Texas A&M Corpus Chr,L
Mississippi Valley S,North Texas,L
Monmouth,Lehigh,L
Rice,Hofstra,L
Hampton,Norfolk St.,L
Queens,Appalachian St.,L
Sacred Heart,Connecticut,L
Seattle,Duke,L
Duquesne,Hampton,L
UMBC,Georgetown,L
Arkansas Pine Bluff,Texas,L
Tennessee Tech,UT Rio Grande Valley,L
Eastern Kentucky,Ball St.,L
Quinnipiac,Maine,W
Binghamton,Mercyhurst,W
Northern Kentucky,Florida St.,L
Sacramento St.,Fresno St.,L
VMI,Tennessee Tech,L
Boston College,VCU,L
Charlotte,Gardner Webb,W
Mercyhurst,Air Force,L
Portland,Ohio,L
Richmond,Auburn,L
South Dakota St.,Montana,L
Rider,Stony Brook,L
San Diego,Idaho,W
Northern Illinois,Georgia Southern,L
Fresno St.,Cal Baptist,L
Chattanooga,USC,L
Little Rock,Winthrop,L
Portland St.,St. Thomas,L
Rider,Coppin St.,W
Southeastern Louisia,Wyoming,L
Washington,Nevada,L
Northern Illinois,Illinois St.,L
Western Michigan,SIU Edwardsville,L
Duquesne,Old Dominion,W
Kennesaw St.,UC Irvine,L
Morehead St.,Chattanooga,L
Northern Kentucky,Purdue,L
Southern Miss,Tulane,L
Western Carolina,USC Upstate,L
Penn,Elon,L
Jackson St.,Xavier,L
Jacksonville,Florida Atlantic,L
Portland,Princeton,L
Campbell,Saint Francis,L
UTEP,San Jose St.,L
Towson,Morgan St.,W
Youngstown St.,Western Michigan,L
Denver,Cal St. Northridge,L
Jacksonville,East Tennessee St.,W
Air Force,LIU,L
Mississippi Valley S,UC Santa Barbara,L
Loyola Marymount,UC Santa Barbara,W
William & Mary,N.C. State,L
Florida A&M,Presbyterian,W
Air Force,Wright St.,L
IU Indy,Iowa St.,L
Le Moyne,St. Bonaventure,L
New Hampshire,Brown,L
Rider,Iowa,L
UC Davis,Cal Poly,W
Hofstra,Houston,L
Holy Cross,Maine,L
Mercer,DePaul,L
Mount St. Mary's,Maryland,L
Penn,Villanova,L
San Diego,Southern Utah,L
Stony Brook,Yale,L
UCLA,New Mexico,L
Northern Colorado,North Dakota St.,L
Lehigh,UCLA,L
Western Illinois,South Dakota,L
Lindenwood,Valparaiso,L
Weber St.,Oregon St.,L
UMKC,American,L
Iona,Cornell,L
New Hampshire,Dartmouth,L
Arkansas St.,Jackson St.,W
Lamar,Nebraska Omaha,L
Montana St.,USC,L
New Orleans,Robert Morris,L
Winthrop,Virginia Tech,L
Belmont,Loyola Marymount,L
Mercyhurst,California,L
Sacramento St.,Denver,L
Tarleton St.,Michigan,L
Texas St.,Abilene Christian,L
Towson,UMBC,L
VMI,Pittsburgh,L
Wichita St.,Florida,L
Missouri St.,South Dakota St.,L
West Georgia,South Florida,L
Seton Hall,Fordham,L
Robert Morris,Stonehill,W
Tennessee Martin,Illinois St.,W
Longwood,Tennessee Martin,W
UMKC,Creighton,L
Eastern Washington,UC Santa Barbara,L
Coastal Carolina,Jacksonville St.,L
Oral Roberts,Idaho St.,L
Oral Roberts,Texas Tech,L
Pepperdine,Northwestern,L
Vermont,Merrimack,L
Nevada,Washington St.,L
Bethune Cookman,Nebraska,L
Cal St. Fullerton,Pacific,L
Colgate,Drexel,L
Seton Hall,Hofstra,L
Morgan St.,Towson,L
Tarleton St.,UCF,L
Towson,South Carolina,L
West Georgia,Georgia Tech,L
Green Bay,Campbell,L
Chicago St.,Wisconsin,L
Fairfield,Rhode Island,L
Lafayette,La Salle,L
Southeastern Louisia,Nicholls St.,L
Texas Southern,Georgia Tech,L
Canisius,SIU Edwardsville,L
Jackson St.,Lipscomb,L
Siena,Miami OH,L
Stetson,LSU,L
Tulsa,Loyola Chicago,L
San Jose St.,Western Illinois,L
Alabama A&M,Tennessee St.,L
Nebraska,Bethune Cookman,W
Charleston Southern,North Florida,L
Jackson St.,Kentucky,L
Ohio St.,Maryland,L
Tennessee St.,Western Kentucky,L
Western Carolina,Florida St.,L
Wyoming,BYU,L
Mercyhurst,Canisius,W
Florida A&M,Maryland,L
Manhattan,Maryland,L
Morgan St.,UMBC,L
Toledo,Houston,L
Winthrop,Louisville,L
Xavier,Michigan,L
USC Upstate,South Carolina St.,L
Western Carolina,UNC Asheville,L
Wake Forest,Coppin St.,W
LIU,Lafayette,L
Loyola Marymount,Colorado St.,L
Sacramento St.,Mercyhurst,L
Vermont,Yale,L
Wyoming,Texas Tech,L
New Mexico St.,Bowling Green,L
Saint Joseph's,Navy,W
Cleveland St.,Michigan,L
Rider,Villanova,L
Minnesota,Cleveland St.,W
Le Moyne,Tennessee Martin,W
North Carolina Centr,West Virginia,L
Mississippi Valley S,Utah,L
Western Michigan,Coastal Carolina,L
Appalachian St.,Louisiana,L
Campbell,Longwood,L
Troy,Arkansas,L
USC Upstate,South Carolina,L
Quinnipiac,Saint Louis,L
Georgia St.,Charlotte,L
Denver,Utah Tech,L
UC Irvine,Kent St.,W
Air Force,North Alabama,L
Northern Illinois,Eastern Illinois,L
NJIT,Penn,L
Idaho St.,Utah Valley,L
LIU,UMass Lowell,L
Louisiana,Houston,L
Canisius,Merrimack,L
UTEP,Utah Valley,L
Albany,Army,L
Chicago St.,Texas,L
UC Irvine,Oregon St.,L
Penn,VCU,L
Wake Forest,Texas A&M,L
Montana,Oregon,L
Fresno St.,Sacramento St.,W
Wagner,St. John's,L
Central Arkansas,BYU,L
Campbell,Coastal Carolina,L
San Diego,Idaho St.,L
Ball St.,Detroit Mercy,L
Cleveland St.,Kent St.,L
Bethune Cookman,Tulane,L
Old Dominion,Boston College,L
Gardner Webb,Charlotte,L
Mercer,Queens,L
Sacramento St.,Nebraska Omaha,L
Northern Iowa,North Texas,L
Saint Francis,Mount St. Mary's,L
Appalachian St.,High Point,L
Penn,NJIT,W
UMass Lowell,Gonzaga,L
Georgia St.,Austin Peay,L
Stony Brook,Air Force,L
Dartmouth,Marist,L
Chicago St.,Eastern Kentucky,L
Louisiana Monroe,Tulane,L
Alcorn St.,TCU,L
Tarleton St.,Sam Houston St.,L
Bethune Cookman,Gardner Webb,L
Colgate,Cornell,L
Drexel,Penn,W
Boston College,South Carolina,L
UMBC,Penn St.,L
NJIT,Cleveland St.,L
Grambling St.,Pepperdine,L
Eastern Washington,South Dakota St.,L
Alcorn St.,Wichita St.,L
Grambling St.,New Mexico,L
Harvard,American,L
Harvard,Northeastern,L
Queens,BYU,L
Queens,Western Carolina,W
Dartmouth,Illinois Chicago,L
NJIT,Delaware St.,L
Texas A&M Commerce,Purdue Fort Wayne,L
Stephen F. Austin,Arkansas St.,L
Holy Cross,Virginia,L
Harvard,Massachusetts,L
Stony Brook,Brown,L
Tarleton St.,Florida St.,L
Georgia Southern,West Georgia,W
New Hampshire,Fordham,L
Long Beach St.,UNC Greensboro,L
Presbyterian,Florida A&M,L
Southern Miss,Montana St.,L
UT Rio Grande Valley,Lamar,L
Mount St. Mary's,Georgetown,L
Sacramento St.,Oregon St.,L
Delaware St.,Columbia,L
Canisius,Mercyhurst,L
Southern Miss,Mississippi,L
Northern Kentucky,Nicholls St.,L
Georgia Southern,Drake,L
TCU,Santa Clara,L
South Carolina St.,Marshall,L
North Dakota,Colorado St.,L
Charleston,Liberty,L
New Hampshire,Columbia,L
USC Upstate,Coastal Carolina,L
Cal St. Northridge,St. Bonaventure,L
Little Rock,Central Arkansas,W
Louisiana Monroe,Rice,L
Abilene Christian,Middle Tennessee,L
Wagner,Rutgers,L
Long Beach St.,Gonzaga,L
Prairie View A&M,DePaul,L
Campbell,Evansville,L
Tarleton St.,Iona,L
Maine,Quinnipiac,L
Bucknell,Rider,L
Cleveland St.,NJIT,W
Arizona St.,Idaho St.,W
Seton Hall,Monmouth,L
Tennessee Martin,Tennessee,L
Evansville,UT Arlington,L
Mississippi Valley S,BYU,L
Robert Morris,Youngstown St.,L
Alcorn St.,Tulane,L
Cal St. Fullerton,Long Beach St.,L
New Hampshire,Marist,L
Wagner,Georgetown,L
Tulsa,Oklahoma St.,L
Nebraska Omaha,Abilene Christian,L
Cleveland St.,Minnesota,L
Illinois Chicago,Dartmouth,W
Presbyterian,Stephen F. Austin,W
Austin Peay,Ohio,L
Colorado St.,Colorado,L
Lafayette,Niagara,W
Purdue Fort Wayne,Radford,L
Texas Southern,Boise St.,L
Alabama A&M,Georgia,L
UC Davis,Norfolk St.,L
Loyola Marymount,UC Irvine,L
Austin Peay,Samford,L
Hampton,George Washington,L
San Diego,Portland St.,L
New Orleans,Troy,L
Fresno St.,Cal St. Bakersfield,L
SIU Edwardsville,Green Bay,L
Utah Tech,Utah,L
Indiana St.,Florida Atlantic,L
Stephen F. Austin,Texas A&M Corpus Chr,L
Portland,UC Santa Barbara,L
Merrimack,Butler,L
Marist,Mount St. Mary's,W
Illinois St.,Tennessee Martin,L
Old Dominion,Duquesne,L
Iona,Sacred Heart,L
Milwaukee,Longwood,L
Toledo,UC San Diego,L
Dartmouth,Boston University,L
East Carolina,UNC Wilmington,L
Alcorn St.,UC Riverside,L
Maryland Eastern Sho,Connecticut,L
Iona,Delaware,L
Merrimack,Canisius,W
Coppin St.,Virginia,L
Idaho St.,Arizona St.,L
Lehigh,Northwestern,L
LIU,Niagara,L
Jackson St.,Houston,L
Marist,New Hampshire,W
Central Arkansas,Little Rock,L
West Georgia,Georgia Southern,L
Stonehill,Robert Morris,L
Detroit Mercy,Davidson,L
Richmond,Charlotte,L
Louisiana,Lamar,L
Mount St. Mary's,Marist,L
Youngstown St.,Ohio St.,L
Alcorn St.,Utah St.,L
Marshall,Purdue,L
East Tennessee St.,Jacksonville,L
North Alabama,Wofford,L
Charleston,Rhode Island,L
Northern Illinois,DePaul,L
Stonehill,Providence,L
Chicago St.,Radford,L
NJIT,Loyola MD,L
Southern Utah,UCLA,L
Old Dominion,Arizona,L
Vermont,Auburn,L
New Hampshire,Fairfield,L
Oakland,Boise St.,L
Pacific,Northern Arizona,L
UMKC,Southeast Missouri S,L
Penn,Drexel,L
Buffalo,Bryant,L
Pepperdine,Weber St.,L
Siena,St. Bonaventure,L
Texas A&M Commerce,Incarnate Word,L
Coppin St.,High Point,L
Iona,West Virginia,L
USC,Saint Mary's,L
Stetson,The Citadel,L
Bucknell,St. Bonaventure,L
Houston Christian,Creighton,L
Wagner,NJIT,W
Central Connecticut,Sacred Heart,L
Northern Illinois,Elon,L
Coppin St.,Penn St.,L
Long Beach St.,UTEP,L
Coppin St.,Rider,L
Colgate,N.C. State,L
Niagara,Lafayette,L
Maryland Eastern Sho,Illinois,L
Charleston Southern,Furman,L
Kent St.,UC Irvine,L
North Dakota St.,Southern Illinois,L
Morehead St.,Louisville,L
Coppin St.,Wake Forest,L
Mississippi Valley S,Iowa St.,L
Mississippi Valley S,Missouri,L
New Orleans,Stonehill,L
Tennessee Martin,Le Moyne,L
Texas A&M Commerce,Connecticut,L
Detroit Mercy,Tulsa,L
Eastern Michigan,Texas St.,L
Western Carolina,Tennessee,L
Wofford,Duke,L
Western Carolina,Queens,L
Stephen F. Austin,Presbyterian,L
Tarleton St.,Baylor,L
NJIT,Wagner,L
Boston University,UCLA,L
Alabama A&M,Lipscomb,L
Merrimack,VCU,L
Hofstra,Temple,L
Little Rock,Illinois,L
Wagner,Seton Hall,L
Evansville,Ohio St.,L
Youngstown St.,Presbyterian,L
Chicago St.,San Francisco,L
Canisius,Maryland,L
Maryland Eastern Sho,Arkansas,L
